2026-06-03 14:22:04.855 | INFO     | src.utils.logger:setup_logger:31 | 日志系统初始化完成
2026-06-03 14:22:04.855 | INFO     | src.main:main:23 | ============================================================
2026-06-03 14:22:04.855 | INFO     | src.main:main:24 | Translator InTime v0.1.0 启动
2026-06-03 14:22:04.855 | INFO     | src.main:main:25 | 实时游戏语音双向翻译系统
2026-06-03 14:22:04.855 | INFO     | src.main:main:26 | ============================================================
2026-06-03 14:22:05.398 | INFO     | src.main:main:50 | GUI 已启动
2026-06-03 14:22:08.968 | INFO     | src.core.translator:_init_client:87 | 翻译策略: microsoft (降级: google)
2026-06-03 14:22:08.968 | INFO     | src.core.pipeline:initialize:77 | 初始化翻译管道...
2026-06-03 14:22:08.998 | ERROR    | src.gui.main_window:_on_error:224 | 管道错误: [Errno 2] 没有那个文件或目录: 'pactl'
2026-06-03 14:22:28.624 | INFO     | src.main:cleanup:40 | 收到退出信号，正在清理...
2026-06-03 14:32:59.336 | INFO     | src.utils.logger:setup_logger:31 | 日志系统初始化完成
2026-06-03 14:32:59.336 | INFO     | src.main:main:23 | ============================================================
2026-06-03 14:32:59.336 | INFO     | src.main:main:24 | Translator InTime v0.1.0 启动
2026-06-03 14:32:59.336 | INFO     | src.main:main:25 | 实时游戏语音双向翻译系统
2026-06-03 14:32:59.336 | INFO     | src.main:main:26 | ============================================================
2026-06-03 14:32:59.609 | INFO     | src.main:main:50 | GUI 已启动
2026-06-03 14:33:00.891 | INFO     | src.core.translator:_init_client:87 | 翻译策略: microsoft (降级: google)
2026-06-03 14:33:00.891 | INFO     | src.core.pipeline:initialize:77 | 初始化翻译管道...
2026-06-03 14:33:00.893 | WARNING  | src.audio.virtual_device:_run:48 | 命令未找到: pactl，请安装 pulseaudio-utils
2026-06-03 14:33:00.894 | WARNING  | src.audio.virtual_device:_linux_create_speaker:71 | pactl 未安装，跳过虚拟音频设备创建。请运行: sudo apt install pulseaudio-utils
2026-06-03 14:33:00.894 | INFO     | src.core.asr_engine:load_model:33 | 加载 Whisper 模型: size=base, device=cpu, compute_type=int8
2026-06-03 14:33:01.189 | ERROR    | src.gui.main_window:_on_error:224 | 管道错误: Unknown scheme for proxy URL URL('socks://127.0.0.1:7890/')
2026-06-03 14:35:12.890 | INFO     | src.utils.logger:setup_logger:31 | 日志系统初始化完成
2026-06-03 14:35:12.890 | INFO     | src.main:main:23 | ============================================================
2026-06-03 14:35:12.891 | INFO     | src.main:main:24 | Translator InTime v0.1.0 启动
2026-06-03 14:35:12.891 | INFO     | src.main:main:25 | 实时游戏语音双向翻译系统
2026-06-03 14:35:12.891 | INFO     | src.main:main:26 | ============================================================
2026-06-03 14:35:13.107 | INFO     | src.main:main:50 | GUI 已启动
2026-06-03 14:35:16.199 | INFO     | src.core.translator:_init_client:87 | 翻译策略: microsoft (降级: google)
2026-06-03 14:35:16.200 | INFO     | src.core.pipeline:initialize:77 | 初始化翻译管道...
2026-06-03 14:35:16.242 | INFO     | src.audio.virtual_device:_linux_create_speaker:68 | 已创建虚拟扬声器: translator_virtual_sink
2026-06-03 14:35:16.243 | INFO     | src.audio.virtual_device:_linux_create_mic_monitor:84 | Monitor 源自动可用: translator_virtual_sink.monitor
2026-06-03 14:35:16.243 | INFO     | src.core.asr_engine:load_model:33 | 加载 Whisper 模型: size=base, device=cpu, compute_type=int8
2026-06-03 14:35:16.431 | ERROR    | src.gui.main_window:_on_error:224 | 管道错误: Unknown scheme for proxy URL URL('socks://127.0.0.1:7890/')
2026-06-03 14:41:11.806 | INFO     | src.utils.logger:setup_logger:31 | 日志系统初始化完成
2026-06-03 14:41:11.807 | INFO     | src.main:main:23 | ============================================================
2026-06-03 14:41:11.807 | INFO     | src.main:main:24 | Translator InTime v0.1.0 启动
2026-06-03 14:41:11.807 | INFO     | src.main:main:25 | 实时游戏语音双向翻译系统
2026-06-03 14:41:11.807 | INFO     | src.main:main:26 | ============================================================
2026-06-03 14:41:12.039 | INFO     | src.main:main:50 | GUI 已启动
2026-06-03 14:41:13.351 | INFO     | src.core.translator:_init_client:87 | 翻译策略: microsoft (降级: google)
2026-06-03 14:41:13.352 | INFO     | src.core.pipeline:initialize:77 | 初始化翻译管道...
2026-06-03 14:41:13.379 | INFO     | src.audio.virtual_device:_linux_create_speaker:60 | 虚拟音频设备 'translator_virtual' 已存在
2026-06-03 14:41:13.379 | INFO     | src.audio.virtual_device:_linux_create_mic_monitor:84 | Monitor 源自动可用: translator_virtual_sink.monitor
2026-06-03 14:41:13.380 | INFO     | src.core.asr_engine:load_model:33 | 加载 Whisper 模型: size=base, device=cpu, compute_type=int8
2026-06-03 14:44:50.387 | INFO     | src.core.translator:_init_client:87 | 翻译策略: microsoft (降级: google)
2026-06-03 14:44:50.388 | INFO     | src.core.pipeline:initialize:77 | 初始化翻译管道...
2026-06-03 14:44:50.406 | INFO     | src.audio.virtual_device:_linux_create_speaker:60 | 虚拟音频设备 'translator_virtual' 已存在
2026-06-03 14:44:50.407 | INFO     | src.audio.virtual_device:_linux_create_mic_monitor:84 | Monitor 源自动可用: translator_virtual_sink.monitor
2026-06-03 14:44:50.407 | INFO     | src.core.asr_engine:load_model:33 | 加载 Whisper 模型: size=base, device=cpu, compute_type=int8
2026-06-03 14:44:53.404 | INFO     | src.core.translator:_init_client:87 | 翻译策略: microsoft (降级: google)
2026-06-03 14:44:53.405 | INFO     | src.core.pipeline:initialize:77 | 初始化翻译管道...
2026-06-03 14:44:53.412 | INFO     | src.audio.virtual_device:_linux_create_speaker:60 | 虚拟音频设备 'translator_virtual' 已存在
2026-06-03 14:44:53.412 | INFO     | src.audio.virtual_device:_linux_create_mic_monitor:84 | Monitor 源自动可用: translator_virtual_sink.monitor
2026-06-03 14:44:53.413 | INFO     | src.core.asr_engine:load_model:33 | 加载 Whisper 模型: size=base, device=cpu, compute_type=int8
2026-06-03 14:45:00.623 | INFO     | src.core.translator:_init_client:87 | 翻译策略: microsoft (降级: google)
2026-06-03 14:45:00.624 | INFO     | src.core.pipeline:initialize:77 | 初始化翻译管道...
2026-06-03 14:45:00.640 | INFO     | src.audio.virtual_device:_linux_create_speaker:60 | 虚拟音频设备 'translator_virtual' 已存在
2026-06-03 14:45:00.641 | INFO     | src.audio.virtual_device:_linux_create_mic_monitor:84 | Monitor 源自动可用: translator_virtual_sink.monitor
2026-06-03 14:45:00.641 | INFO     | src.core.asr_engine:load_model:33 | 加载 Whisper 模型: size=base, device=cpu, compute_type=int8
2026-06-03 14:45:05.711 | INFO     | src.core.translator:_init_client:87 | 翻译策略: microsoft (降级: google)
2026-06-03 14:45:05.711 | INFO     | src.core.pipeline:initialize:77 | 初始化翻译管道...
2026-06-03 14:45:05.718 | INFO     | src.audio.virtual_device:_linux_create_speaker:60 | 虚拟音频设备 'translator_virtual' 已存在
2026-06-03 14:45:05.718 | INFO     | src.audio.virtual_device:_linux_create_mic_monitor:84 | Monitor 源自动可用: translator_virtual_sink.monitor
2026-06-03 14:45:05.719 | INFO     | src.core.asr_engine:load_model:33 | 加载 Whisper 模型: size=base, device=cpu, compute_type=int8
2026-06-03 14:45:10.779 | INFO     | src.core.pipeline:initialize:94 | 翻译管道初始化完成
2026-06-03 14:45:10.780 | INFO     | src.core.pipeline:initialize:94 | 翻译管道初始化完成
2026-06-03 14:45:10.780 | INFO     | src.core.pipeline:initialize:94 | 翻译管道初始化完成
2026-06-03 14:45:10.781 | INFO     | src.core.pipeline:initialize:94 | 翻译管道初始化完成
2026-06-03 14:45:10.782 | INFO     | src.core.pipeline:initialize:94 | 翻译管道初始化完成
2026-06-03 14:45:10.824 | INFO     | src.audio.stream:open_input:70 | 音频输入流已打开 (device=None, sr=16000)
2026-06-03 14:45:10.824 | INFO     | src.audio.stream:open_input:70 | 音频输入流已打开 (device=None, sr=16000)
2026-06-03 14:45:10.824 | INFO     | src.audio.stream:open_input:70 | 音频输入流已打开 (device=None, sr=16000)
2026-06-03 14:45:11.154 | INFO     | src.audio.stream:open_input:70 | 音频输入流已打开 (device=None, sr=16000)
2026-06-03 14:45:11.165 | INFO     | src.audio.stream:open_input:70 | 音频输入流已打开 (device=None, sr=16000)
2026-06-03 14:45:11.190 | INFO     | src.audio.stream:open_input:70 | 音频输入流已打开 (device=None, sr=16000)
2026-06-03 14:45:11.190 | INFO     | src.audio.stream:open_input:70 | 音频输入流已打开 (device=None, sr=16000)
2026-06-03 14:45:11.191 | INFO     | src.core.pipeline:start:124 | ✅ 双向翻译管道已启动
2026-06-03 14:45:11.191 | INFO     | src.core.pipeline:start:124 | ✅ 双向翻译管道已启动
2026-06-03 14:45:11.191 | INFO     | src.audio.stream:open_input:70 | 音频输入流已打开 (device=None, sr=16000)
2026-06-03 14:45:11.191 | INFO     | src.core.pipeline:_outbound_loop:150 | 出站管道(中->外) 启动
2026-06-03 14:45:11.191 | INFO     | src.core.pipeline:_outbound_loop:150 | 出站管道(中->外) 启动
2026-06-03 14:45:11.191 | INFO     | src.core.pipeline:start:124 | ✅ 双向翻译管道已启动
2026-06-03 14:45:11.192 | INFO     | src.core.pipeline:_outbound_loop:150 | 出站管道(中->外) 启动
2026-06-03 14:45:11.192 | INFO     | src.core.pipeline:_inbound_loop:221 | 入站管道(外->中) 启动
2026-06-03 14:45:11.192 | INFO     | src.core.pipeline:_inbound_loop:221 | 入站管道(外->中) 启动
2026-06-03 14:45:11.192 | INFO     | src.core.pipeline:_inbound_loop:221 | 入站管道(外->中) 启动
2026-06-03 14:45:11.193 | INFO     | src.audio.stream:open_input:70 | 音频输入流已打开 (device=None, sr=16000)
2026-06-03 14:45:11.194 | INFO     | src.core.pipeline:start:124 | ✅ 双向翻译管道已启动
2026-06-03 14:45:11.194 | INFO     | src.core.pipeline:_outbound_loop:150 | 出站管道(中->外) 启动
2026-06-03 14:45:11.207 | INFO     | src.audio.stream:open_input:70 | 音频输入流已打开 (device=None, sr=16000)
2026-06-03 14:45:11.207 | INFO     | src.core.pipeline:start:124 | ✅ 双向翻译管道已启动
2026-06-03 14:45:11.207 | INFO     | src.core.pipeline:_outbound_loop:150 | 出站管道(中->外) 启动
2026-06-03 14:45:11.261 | INFO     | src.core.pipeline:_inbound_loop:221 | 入站管道(外->中) 启动
2026-06-03 14:45:11.264 | INFO     | src.core.pipeline:_inbound_loop:221 | 入站管道(外->中) 启动
2026-06-03 14:45:14.518 | WARNING  | src.core.asr_engine:transcribe:60 | 模型未加载，无法识别
2026-06-03 14:45:14.518 | WARNING  | src.core.asr_engine:transcribe:60 | 模型未加载，无法识别
2026-06-03 14:45:14.518 | WARNING  | src.core.asr_engine:transcribe:60 | 模型未加载，无法识别
2026-06-03 14:45:14.519 | WARNING  | src.core.asr_engine:transcribe:60 | 模型未加载，无法识别
2026-06-03 14:45:14.519 | WARNING  | src.core.asr_engine:transcribe:60 | 模型未加载，无法识别
2026-06-03 14:45:17.758 | WARNING  | src.core.asr_engine:transcribe:60 | 模型未加载，无法识别
2026-06-03 14:45:17.759 | WARNING  | src.core.asr_engine:transcribe:60 | 模型未加载，无法识别
2026-06-03 14:45:17.759 | WARNING  | src.core.asr_engine:transcribe:60 | 模型未加载，无法识别
2026-06-03 14:45:17.760 | WARNING  | src.core.asr_engine:transcribe:60 | 模型未加载，无法识别
2026-06-03 14:45:17.760 | WARNING  | src.core.asr_engine:transcribe:60 | 模型未加载，无法识别
2026-06-03 14:45:21.011 | WARNING  | src.core.asr_engine:transcribe:60 | 模型未加载，无法识别
2026-06-03 14:45:21.012 | WARNING  | src.core.asr_engine:transcribe:60 | 模型未加载，无法识别
2026-06-03 14:45:21.013 | WARNING  | src.core.asr_engine:transcribe:60 | 模型未加载，无法识别
2026-06-03 14:45:21.013 | WARNING  | src.core.asr_engine:transcribe:60 | 模型未加载，无法识别
2026-06-03 14:45:21.014 | WARNING  | src.core.asr_engine:transcribe:60 | 模型未加载，无法识别
2026-06-03 14:45:24.328 | WARNING  | src.core.asr_engine:transcribe:60 | 模型未加载，无法识别
2026-06-03 14:45:24.328 | WARNING  | src.core.asr_engine:transcribe:60 | 模型未加载，无法识别
2026-06-03 14:45:24.329 | WARNING  | src.core.asr_engine:transcribe:60 | 模型未加载，无法识别
2026-06-03 14:45:24.329 | WARNING  | src.core.asr_engine:transcribe:60 | 模型未加载，无法识别
2026-06-03 14:45:24.329 | WARNING  | src.core.asr_engine:transcribe:60 | 模型未加载，无法识别
2026-06-03 14:45:27.571 | WARNING  | src.core.asr_engine:transcribe:60 | 模型未加载，无法识别
2026-06-03 14:45:27.572 | WARNING  | src.core.asr_engine:transcribe:60 | 模型未加载，无法识别
2026-06-03 14:45:27.574 | WARNING  | src.core.asr_engine:transcribe:60 | 模型未加载，无法识别
2026-06-03 14:45:27.575 | WARNING  | src.core.asr_engine:transcribe:60 | 模型未加载，无法识别
2026-06-03 14:45:27.575 | WARNING  | src.core.asr_engine:transcribe:60 | 模型未加载，无法识别
2026-06-03 14:45:30.814 | WARNING  | src.core.asr_engine:transcribe:60 | 模型未加载，无法识别
2026-06-03 14:45:30.815 | WARNING  | src.core.asr_engine:transcribe:60 | 模型未加载，无法识别
2026-06-03 14:45:30.815 | WARNING  | src.core.asr_engine:transcribe:60 | 模型未加载，无法识别
2026-06-03 14:45:30.816 | WARNING  | src.core.asr_engine:transcribe:60 | 模型未加载，无法识别
2026-06-03 14:45:30.817 | WARNING  | src.core.asr_engine:transcribe:60 | 模型未加载，无法识别
2026-06-03 14:45:34.067 | WARNING  | src.core.asr_engine:transcribe:60 | 模型未加载，无法识别
2026-06-03 14:45:34.068 | WARNING  | src.core.asr_engine:transcribe:60 | 模型未加载，无法识别
2026-06-03 14:45:34.069 | WARNING  | src.core.asr_engine:transcribe:60 | 模型未加载，无法识别
2026-06-03 14:45:34.070 | WARNING  | src.core.asr_engine:transcribe:60 | 模型未加载，无法识别
2026-06-03 14:45:34.071 | WARNING  | src.core.asr_engine:transcribe:60 | 模型未加载，无法识别
2026-06-03 14:45:37.384 | WARNING  | src.core.asr_engine:transcribe:60 | 模型未加载，无法识别
2026-06-03 14:45:37.385 | WARNING  | src.core.asr_engine:transcribe:60 | 模型未加载，无法识别
2026-06-03 14:45:37.386 | WARNING  | src.core.asr_engine:transcribe:60 | 模型未加载，无法识别
2026-06-03 14:45:37.386 | WARNING  | src.core.asr_engine:transcribe:60 | 模型未加载，无法识别
2026-06-03 14:45:37.387 | WARNING  | src.core.asr_engine:transcribe:60 | 模型未加载，无法识别
2026-06-03 14:45:40.627 | WARNING  | src.core.asr_engine:transcribe:60 | 模型未加载，无法识别
2026-06-03 14:45:40.627 | WARNING  | src.core.asr_engine:transcribe:60 | 模型未加载，无法识别
2026-06-03 14:45:40.627 | WARNING  | src.core.asr_engine:transcribe:60 | 模型未加载，无法识别
2026-06-03 14:45:40.627 | WARNING  | src.core.asr_engine:transcribe:60 | 模型未加载，无法识别
2026-06-03 14:45:40.628 | WARNING  | src.core.asr_engine:transcribe:60 | 模型未加载，无法识别
2026-06-03 14:45:43.870 | WARNING  | src.core.asr_engine:transcribe:60 | 模型未加载，无法识别
2026-06-03 14:45:43.872 | WARNING  | src.core.asr_engine:transcribe:60 | 模型未加载，无法识别
2026-06-03 14:45:43.873 | WARNING  | src.core.asr_engine:transcribe:60 | 模型未加载，无法识别
2026-06-03 14:45:43.874 | WARNING  | src.core.asr_engine:transcribe:60 | 模型未加载，无法识别
2026-06-03 14:45:43.874 | WARNING  | src.core.asr_engine:transcribe:60 | 模型未加载，无法识别
2026-06-03 14:45:47.123 | WARNING  | src.core.asr_engine:transcribe:60 | 模型未加载，无法识别
2026-06-03 14:45:47.123 | WARNING  | src.core.asr_engine:transcribe:60 | 模型未加载，无法识别
2026-06-03 14:45:47.123 | WARNING  | src.core.asr_engine:transcribe:60 | 模型未加载，无法识别
2026-06-03 14:45:47.124 | WARNING  | src.core.asr_engine:transcribe:60 | 模型未加载，无法识别
2026-06-03 14:45:47.124 | WARNING  | src.core.asr_engine:transcribe:60 | 模型未加载，无法识别
2026-06-03 14:45:50.440 | WARNING  | src.core.asr_engine:transcribe:60 | 模型未加载，无法识别
2026-06-03 14:45:50.441 | WARNING  | src.core.asr_engine:transcribe:60 | 模型未加载，无法识别
2026-06-03 14:45:50.442 | WARNING  | src.core.asr_engine:transcribe:60 | 模型未加载，无法识别
2026-06-03 14:45:50.443 | WARNING  | src.core.asr_engine:transcribe:60 | 模型未加载，无法识别
2026-06-03 14:45:50.443 | WARNING  | src.core.asr_engine:transcribe:60 | 模型未加载，无法识别
2026-06-03 14:45:53.683 | WARNING  | src.core.asr_engine:transcribe:60 | 模型未加载，无法识别
2026-06-03 14:45:53.684 | WARNING  | src.core.asr_engine:transcribe:60 | 模型未加载，无法识别
2026-06-03 14:45:53.685 | WARNING  | src.core.asr_engine:transcribe:60 | 模型未加载，无法识别
2026-06-03 14:45:53.686 | WARNING  | src.core.asr_engine:transcribe:60 | 模型未加载，无法识别
2026-06-03 14:45:53.687 | WARNING  | src.core.asr_engine:transcribe:60 | 模型未加载，无法识别
2026-06-03 14:45:56.926 | WARNING  | src.core.asr_engine:transcribe:60 | 模型未加载，无法识别
2026-06-03 14:45:56.927 | WARNING  | src.core.asr_engine:transcribe:60 | 模型未加载，无法识别
2026-06-03 14:45:56.928 | WARNING  | src.core.asr_engine:transcribe:60 | 模型未加载，无法识别
2026-06-03 14:45:56.929 | WARNING  | src.core.asr_engine:transcribe:60 | 模型未加载，无法识别
2026-06-03 14:45:56.930 | WARNING  | src.core.asr_engine:transcribe:60 | 模型未加载，无法识别
2026-06-03 14:46:00.180 | WARNING  | src.core.asr_engine:transcribe:60 | 模型未加载，无法识别
2026-06-03 14:46:00.181 | WARNING  | src.core.asr_engine:transcribe:60 | 模型未加载，无法识别
2026-06-03 14:46:00.182 | WARNING  | src.core.asr_engine:transcribe:60 | 模型未加载，无法识别
2026-06-03 14:46:00.184 | WARNING  | src.core.asr_engine:transcribe:60 | 模型未加载，无法识别
2026-06-03 14:46:00.185 | WARNING  | src.core.asr_engine:transcribe:60 | 模型未加载，无法识别
2026-06-03 14:46:03.496 | WARNING  | src.core.asr_engine:transcribe:60 | 模型未加载，无法识别
2026-06-03 14:46:03.497 | WARNING  | src.core.asr_engine:transcribe:60 | 模型未加载，无法识别
2026-06-03 14:46:03.498 | WARNING  | src.core.asr_engine:transcribe:60 | 模型未加载，无法识别
2026-06-03 14:46:03.499 | WARNING  | src.core.asr_engine:transcribe:60 | 模型未加载，无法识别
2026-06-03 14:46:03.500 | WARNING  | src.core.asr_engine:transcribe:60 | 模型未加载，无法识别
2026-06-03 14:46:06.739 | WARNING  | src.core.asr_engine:transcribe:60 | 模型未加载，无法识别
2026-06-03 14:46:06.740 | WARNING  | src.core.asr_engine:transcribe:60 | 模型未加载，无法识别
2026-06-03 14:46:06.741 | WARNING  | src.core.asr_engine:transcribe:60 | 模型未加载，无法识别
2026-06-03 14:46:06.742 | WARNING  | src.core.asr_engine:transcribe:60 | 模型未加载，无法识别
2026-06-03 14:46:06.745 | WARNING  | src.core.asr_engine:transcribe:60 | 模型未加载，无法识别
2026-06-03 14:46:08.191 | ERROR    | src.core.pipeline:_inbound_loop:255 | 入站管道异常: Unanticipated host error [PaErrorCode -9999]: '' [<host API not found> error 0]
2026-06-03 14:47:55.488 | INFO     | src.utils.logger:setup_logger:31 | 日志系统初始化完成
2026-06-03 14:47:55.488 | INFO     | src.main:main:23 | ============================================================
2026-06-03 14:47:55.488 | INFO     | src.main:main:24 | Translator InTime v0.1.0 启动
2026-06-03 14:47:55.488 | INFO     | src.main:main:25 | 实时游戏语音双向翻译系统
2026-06-03 14:47:55.488 | INFO     | src.main:main:26 | ============================================================
2026-06-03 14:47:55.731 | INFO     | src.main:main:50 | GUI 已启动
2026-06-03 14:48:07.197 | INFO     | src.utils.logger:setup_logger:31 | 日志系统初始化完成
2026-06-03 14:48:07.197 | INFO     | src.main:main:23 | ============================================================
2026-06-03 14:48:07.197 | INFO     | src.main:main:24 | Translator InTime v0.1.0 启动
2026-06-03 14:48:07.197 | INFO     | src.main:main:25 | 实时游戏语音双向翻译系统
2026-06-03 14:48:07.197 | INFO     | src.main:main:26 | ============================================================
2026-06-03 14:48:07.428 | INFO     | src.main:main:50 | GUI 已启动
2026-06-03 14:50:53.909 | INFO     | src.utils.logger:setup_logger:31 | 日志系统初始化完成
2026-06-03 14:50:53.910 | INFO     | src.main:main:23 | ============================================================
2026-06-03 14:50:53.910 | INFO     | src.main:main:24 | Translator InTime v0.1.0 启动
2026-06-03 14:50:53.910 | INFO     | src.main:main:25 | 实时游戏语音双向翻译系统
2026-06-03 14:50:53.910 | INFO     | src.main:main:26 | ============================================================
2026-06-03 14:50:54.141 | INFO     | src.main:main:50 | GUI 已启动
2026-06-03 14:50:57.798 | INFO     | src.core.translator:_init_client:87 | 翻译策略: microsoft (降级: google)
2026-06-03 14:50:57.799 | INFO     | src.core.pipeline:initialize:77 | 初始化翻译管道...
2026-06-03 14:50:57.826 | INFO     | src.audio.virtual_device:_linux_create_speaker:60 | 虚拟音频设备 'translator_virtual' 已存在
2026-06-03 14:50:57.826 | INFO     | src.audio.virtual_device:_linux_create_mic_monitor:84 | Monitor 源自动可用: translator_virtual_sink.monitor
2026-06-03 14:50:57.827 | INFO     | src.core.asr_engine:load_model:33 | 加载 Whisper 模型: size=base, device=cpu, compute_type=int8
2026-06-03 14:50:58.025 | ERROR    | src.gui.main_window:_on_error:260 | 管道错误: Unknown scheme for proxy URL URL('socks://127.0.0.1:7890/')
2026-06-03 14:51:11.105 | INFO     | src.utils.logger:setup_logger:31 | 日志系统初始化完成
2026-06-03 14:51:11.105 | INFO     | src.main:main:23 | ============================================================
2026-06-03 14:51:11.105 | INFO     | src.main:main:24 | Translator InTime v0.1.0 启动
2026-06-03 14:51:11.105 | INFO     | src.main:main:25 | 实时游戏语音双向翻译系统
2026-06-03 14:51:11.105 | INFO     | src.main:main:26 | ============================================================
2026-06-03 14:51:11.329 | INFO     | src.main:main:50 | GUI 已启动
2026-06-03 14:51:13.758 | INFO     | src.core.translator:_init_client:87 | 翻译策略: microsoft (降级: google)
2026-06-03 14:51:13.759 | INFO     | src.core.pipeline:initialize:77 | 初始化翻译管道...
2026-06-03 14:51:13.779 | INFO     | src.audio.virtual_device:_linux_create_speaker:60 | 虚拟音频设备 'translator_virtual' 已存在
2026-06-03 14:51:13.780 | INFO     | src.audio.virtual_device:_linux_create_mic_monitor:84 | Monitor 源自动可用: translator_virtual_sink.monitor
2026-06-03 14:51:13.780 | INFO     | src.core.asr_engine:load_model:33 | 加载 Whisper 模型: size=base, device=cpu, compute_type=int8
2026-06-03 14:51:13.977 | ERROR    | src.gui.main_window:_on_error:260 | 管道错误: Unknown scheme for proxy URL URL('socks://127.0.0.1:7890/')
2026-06-03 14:52:02.742 | INFO     | src.utils.logger:setup_logger:31 | 日志系统初始化完成
2026-06-03 14:52:02.742 | INFO     | src.main:main:35 | ============================================================
2026-06-03 14:52:02.742 | INFO     | src.main:main:36 | Translator InTime v0.1.0 启动
2026-06-03 14:52:02.742 | INFO     | src.main:main:37 | 实时游戏语音双向翻译系统
2026-06-03 14:52:02.742 | INFO     | src.main:main:38 | ============================================================
2026-06-03 14:52:02.998 | INFO     | src.main:main:62 | GUI 已启动
2026-06-03 14:52:04.318 | INFO     | src.core.translator:_init_client:87 | 翻译策略: microsoft (降级: google)
2026-06-03 14:52:04.319 | INFO     | src.core.pipeline:initialize:77 | 初始化翻译管道...
2026-06-03 14:52:04.346 | INFO     | src.audio.virtual_device:_linux_create_speaker:60 | 虚拟音频设备 'translator_virtual' 已存在
2026-06-03 14:52:04.346 | INFO     | src.audio.virtual_device:_linux_create_mic_monitor:84 | Monitor 源自动可用: translator_virtual_sink.monitor
2026-06-03 14:52:04.347 | INFO     | src.core.asr_engine:load_model:33 | 加载 Whisper 模型: size=base, device=cpu, compute_type=int8
2026-06-03 14:52:05.609 | INFO     | src.audio.stream:find_device_by_name:44 | PortAudio 未找到 'translator_virtual_sink'，尝试 PulseAudio 设备名
2026-06-03 14:52:05.609 | INFO     | src.core.pipeline:initialize:97 | TTS输出: 虚拟设备 translator_virtual_sink
2026-06-03 14:52:05.609 | INFO     | src.core.pipeline:initialize:103 | 翻译管道初始化完成
2026-06-03 14:52:05.622 | INFO     | src.audio.stream:open_input:76 | 音频输入流已打开 (device=None, sr=16000)
2026-06-03 14:52:05.948 | INFO     | src.audio.stream:open_input:76 | 音频输入流已打开 (device=None, sr=16000)
2026-06-03 14:52:05.949 | INFO     | src.core.pipeline:start:133 | ✅ 双向翻译管道已启动
2026-06-03 14:52:05.949 | INFO     | src.core.pipeline:_outbound_loop:159 | 出站管道(中->外) 启动
2026-06-03 14:52:06.001 | INFO     | src.core.pipeline:_inbound_loop:230 | 入站管道(外->中) 启动
2026-06-03 14:52:09.213 | WARNING  | src.core.asr_engine:transcribe:60 | 模型未加载，无法识别
2026-06-03 14:52:12.460 | WARNING  | src.core.asr_engine:transcribe:60 | 模型未加载，无法识别
2026-06-03 14:52:15.746 | WARNING  | src.core.asr_engine:transcribe:60 | 模型未加载，无法识别
2026-06-03 14:52:18.989 | WARNING  | src.core.asr_engine:transcribe:60 | 模型未加载，无法识别
2026-06-03 14:52:22.241 | WARNING  | src.core.asr_engine:transcribe:60 | 模型未加载，无法识别
2026-06-03 14:52:25.559 | WARNING  | src.core.asr_engine:transcribe:60 | 模型未加载，无法识别
2026-06-03 14:52:28.802 | WARNING  | src.core.asr_engine:transcribe:60 | 模型未加载，无法识别
2026-06-03 14:52:29.148 | INFO     | src.core.translator:_init_client:87 | 翻译策略: microsoft (降级: google)
2026-06-03 14:52:29.148 | INFO     | src.core.pipeline:initialize:77 | 初始化翻译管道...
2026-06-03 14:52:29.156 | INFO     | src.audio.virtual_device:_linux_create_speaker:60 | 虚拟音频设备 'translator_virtual' 已存在
2026-06-03 14:52:29.156 | INFO     | src.audio.virtual_device:_linux_create_mic_monitor:84 | Monitor 源自动可用: translator_virtual_sink.monitor
2026-06-03 14:52:29.157 | INFO     | src.core.asr_engine:load_model:33 | 加载 Whisper 模型: size=base, device=cpu, compute_type=int8
2026-06-03 14:52:30.048 | INFO     | src.audio.stream:find_device_by_name:44 | PortAudio 未找到 'translator_virtual_sink'，尝试 PulseAudio 设备名
2026-06-03 14:52:30.048 | INFO     | src.core.pipeline:initialize:97 | TTS输出: 虚拟设备 translator_virtual_sink
2026-06-03 14:52:30.048 | INFO     | src.core.pipeline:initialize:103 | 翻译管道初始化完成
2026-06-03 14:52:30.060 | INFO     | src.audio.stream:open_input:76 | 音频输入流已打开 (device=None, sr=16000)
2026-06-03 14:52:30.072 | INFO     | src.audio.stream:open_input:76 | 音频输入流已打开 (device=None, sr=16000)
2026-06-03 14:52:30.072 | INFO     | src.core.pipeline:start:133 | ✅ 双向翻译管道已启动
2026-06-03 14:52:30.072 | INFO     | src.core.pipeline:_outbound_loop:159 | 出站管道(中->外) 启动
2026-06-03 14:52:30.124 | INFO     | src.core.pipeline:_inbound_loop:230 | 入站管道(外->中) 启动
2026-06-03 14:52:30.127 | INFO     | src.core.pipeline:stop:150 | 翻译管道已停止
2026-06-03 14:52:32.905 | INFO     | src.core.translator:_init_client:87 | 翻译策略: microsoft (降级: google)
2026-06-03 14:52:32.905 | INFO     | src.core.pipeline:initialize:77 | 初始化翻译管道...
2026-06-03 14:52:32.917 | INFO     | src.audio.virtual_device:_linux_create_speaker:60 | 虚拟音频设备 'translator_virtual' 已存在
2026-06-03 14:52:32.917 | INFO     | src.audio.virtual_device:_linux_create_mic_monitor:84 | Monitor 源自动可用: translator_virtual_sink.monitor
2026-06-03 14:52:32.918 | INFO     | src.core.asr_engine:load_model:33 | 加载 Whisper 模型: size=base, device=cpu, compute_type=int8
2026-06-03 14:52:33.486 | INFO     | src.audio.stream:find_device_by_name:44 | PortAudio 未找到 'translator_virtual_sink'，尝试 PulseAudio 设备名
2026-06-03 14:52:33.486 | INFO     | src.core.pipeline:initialize:97 | TTS输出: 虚拟设备 translator_virtual_sink
2026-06-03 14:52:33.486 | INFO     | src.core.pipeline:initialize:103 | 翻译管道初始化完成
2026-06-03 14:52:33.496 | INFO     | src.audio.stream:open_input:76 | 音频输入流已打开 (device=None, sr=16000)
2026-06-03 14:52:33.507 | INFO     | src.audio.stream:open_input:76 | 音频输入流已打开 (device=None, sr=16000)
2026-06-03 14:52:33.508 | INFO     | src.core.pipeline:start:133 | ✅ 双向翻译管道已启动
2026-06-03 14:52:33.508 | INFO     | src.core.pipeline:_outbound_loop:159 | 出站管道(中->外) 启动
2026-06-03 14:52:33.580 | INFO     | src.core.pipeline:_inbound_loop:230 | 入站管道(外->中) 启动
2026-06-03 14:52:36.823 | WARNING  | src.core.asr_engine:transcribe:60 | 模型未加载，无法识别
2026-06-03 14:52:42.967 | WARNING  | src.core.asr_engine:transcribe:60 | 模型未加载，无法识别
2026-06-03 14:52:43.052 | WARNING  | src.core.asr_engine:transcribe:60 | 模型未加载，无法识别
2026-06-03 14:52:43.052 | WARNING  | src.core.asr_engine:transcribe:60 | 模型未加载，无法识别
2026-06-03 14:52:46.296 | DEBUG    | src.core.asr_engine:transcribe:81 | ASR: 可以
2026-06-03 14:52:46.297 | WARNING  | src.core.asr_engine:transcribe:60 | 模型未加载，无法识别
2026-06-03 14:52:46.297 | WARNING  | src.core.asr_engine:transcribe:60 | 模型未加载，无法识别
2026-06-03 14:52:48.007 | DEBUG    | src.core.translator:_translate_microsoft:344 | [Microsoft] 可以... -> Cool...
2026-06-03 14:52:49.454 | DEBUG    | src.core.tts_engine:_synthesize_edge_tts:70 | TTS合成完成: Cool...
2026-06-03 14:52:49.466 | ERROR    | src.core.tts_engine:_play_audio_file:86 | 音频播放失败: No output device matching 'translator_virtual_sink'
2026-06-03 14:52:49.623 | WARNING  | src.core.asr_engine:transcribe:60 | 模型未加载，无法识别
2026-06-03 14:52:53.377 | WARNING  | src.core.asr_engine:transcribe:60 | 模型未加载，无法识别
2026-06-03 14:52:56.620 | WARNING  | src.core.asr_engine:transcribe:60 | 模型未加载，无法识别
2026-06-03 14:52:59.862 | WARNING  | src.core.asr_engine:transcribe:60 | 模型未加载，无法识别
2026-06-03 14:53:03.116 | WARNING  | src.core.asr_engine:transcribe:60 | 模型未加载，无法识别
2026-06-03 14:53:06.433 | WARNING  | src.core.asr_engine:transcribe:60 | 模型未加载，无法识别
2026-06-03 14:53:09.676 | WARNING  | src.core.asr_engine:transcribe:60 | 模型未加载，无法识别
2026-06-03 14:53:12.919 | WARNING  | src.core.asr_engine:transcribe:60 | 模型未加载，无法识别
2026-06-03 14:54:51.341 | INFO     | src.utils.logger:setup_logger:31 | 日志系统初始化完成
2026-06-03 14:54:51.341 | INFO     | src.main:main:35 | ============================================================
2026-06-03 14:54:51.341 | INFO     | src.main:main:36 | Translator InTime v0.1.0 启动
2026-06-03 14:54:51.341 | INFO     | src.main:main:37 | 实时游戏语音双向翻译系统
2026-06-03 14:54:51.341 | INFO     | src.main:main:38 | ============================================================
2026-06-03 14:54:51.602 | INFO     | src.main:main:62 | GUI 已启动
2026-06-03 14:54:54.549 | INFO     | src.core.translator:_init_client:87 | 翻译策略: microsoft (降级: google)
2026-06-03 14:54:54.550 | INFO     | src.core.pipeline:initialize:77 | 初始化翻译管道...
2026-06-03 14:54:54.579 | INFO     | src.audio.virtual_device:_linux_create_speaker:60 | 虚拟音频设备 'translator_virtual' 已存在
2026-06-03 14:54:54.579 | INFO     | src.audio.virtual_device:_linux_create_mic_monitor:84 | Monitor 源自动可用: translator_virtual_sink.monitor
2026-06-03 14:54:54.579 | INFO     | src.core.pipeline:initialize:83 | 下载/加载 Whisper 模型（首次需下载 ~140MB）...
2026-06-03 14:54:54.580 | INFO     | src.core.asr_engine:load_model:33 | 加载 Whisper 模型: size=base, device=cpu, compute_type=int8
2026-06-03 14:55:01.307 | INFO     | src.core.asr_engine:load_model:43 | Whisper 模型加载成功
2026-06-03 14:55:01.307 | INFO     | src.core.asr_engine:load_model:33 | 加载 Whisper 模型: size=base, device=cpu, compute_type=int8
2026-06-03 14:55:01.993 | INFO     | src.core.asr_engine:load_model:43 | Whisper 模型加载成功
2026-06-03 14:55:01.993 | INFO     | src.audio.stream:find_device_by_name:44 | PortAudio 未找到 'translator_virtual_sink'，尝试 PulseAudio 设备名
2026-06-03 14:55:01.993 | INFO     | src.core.pipeline:initialize:106 | TTS输出: 虚拟设备 translator_virtual_sink
2026-06-03 14:55:01.994 | INFO     | src.core.pipeline:initialize:112 | 翻译管道初始化完成
2026-06-03 14:55:02.293 | INFO     | src.audio.stream:open_input:76 | 音频输入流已打开 (device=6, sr=16000)
2026-06-03 14:55:03.336 | ERROR    | src.gui.main_window:_on_error:260 | 管道错误: Error opening InputStream: Device unavailable [PaErrorCode -9985]
2026-06-03 15:04:13.588 | INFO     | src.utils.logger:setup_logger:31 | 日志系统初始化完成
2026-06-03 15:04:13.589 | INFO     | src.main:main:35 | ============================================================
2026-06-03 15:04:13.589 | INFO     | src.main:main:36 | Translator InTime v0.1.0 启动
2026-06-03 15:04:13.589 | INFO     | src.main:main:37 | 实时游戏语音双向翻译系统
2026-06-03 15:04:13.589 | INFO     | src.main:main:38 | ============================================================
2026-06-03 15:04:14.030 | INFO     | src.main:main:62 | GUI 已启动
2026-06-03 15:04:15.898 | INFO     | src.core.translator:_init_client:87 | 翻译策略: microsoft (降级: google)
2026-06-03 15:04:15.898 | INFO     | src.core.pipeline:initialize:77 | 初始化翻译管道...
2026-06-03 15:04:15.921 | INFO     | src.audio.virtual_device:_linux_create_speaker:68 | 已创建虚拟扬声器: translator_virtual_sink
2026-06-03 15:04:15.922 | INFO     | src.audio.virtual_device:_linux_create_mic_monitor:84 | Monitor 源自动可用: translator_virtual_sink.monitor
2026-06-03 15:04:15.922 | INFO     | src.core.pipeline:initialize:83 | 下载/加载 Whisper 模型（首次需下载 ~140MB）...
2026-06-03 15:04:15.922 | INFO     | src.core.asr_engine:load_model:33 | 加载 Whisper 模型: size=base, device=cpu, compute_type=int8
2026-06-03 15:04:17.504 | INFO     | src.core.asr_engine:load_model:43 | Whisper 模型加载成功
2026-06-03 15:04:17.505 | INFO     | src.core.asr_engine:load_model:33 | 加载 Whisper 模型: size=base, device=cpu, compute_type=int8
2026-06-03 15:04:18.219 | INFO     | src.core.asr_engine:load_model:43 | Whisper 模型加载成功
2026-06-03 15:04:18.220 | INFO     | src.audio.stream:find_device_by_name:44 | PortAudio 未找到 'translator_virtual_sink'，尝试 PulseAudio 设备名
2026-06-03 15:04:18.220 | INFO     | src.core.pipeline:initialize:106 | TTS输出: 虚拟设备 translator_virtual_sink
2026-06-03 15:04:18.220 | INFO     | src.core.pipeline:initialize:112 | 翻译管道初始化完成
2026-06-03 15:04:18.238 | INFO     | src.audio.stream:open_input:76 | 音频输入流已打开 (device=None, sr=16000)
2026-06-03 15:04:18.265 | INFO     | src.audio.stream:open_input:76 | 音频输入流已打开 (device=None, sr=16000)
2026-06-03 15:04:18.265 | INFO     | src.core.pipeline:start:155 | ✅ 双向翻译管道已启动
2026-06-03 15:04:18.266 | INFO     | src.core.pipeline:_outbound_loop:181 | 出站管道(中->外) 启动
2026-06-03 15:04:18.314 | INFO     | src.core.pipeline:_inbound_loop:252 | 入站管道(外->中) 启动
2026-06-03 15:04:25.919 | DEBUG    | src.core.asr_engine:transcribe:92 | ASR: 我以为
2026-06-03 15:04:27.408 | DEBUG    | src.core.translator:_translate_microsoft:344 | [Microsoft] 我以为... -> 我以为...
2026-06-03 15:04:28.334 | DEBUG    | src.core.asr_engine:transcribe:92 | ASR: 你好
2026-06-03 15:04:29.274 | DEBUG    | src.core.translator:_translate_microsoft:344 | [Microsoft] 你好... -> Hello. ...
2026-06-03 15:04:29.282 | DEBUG    | src.core.tts_engine:_synthesize_edge_tts:70 | TTS合成完成: 我以为...
2026-06-03 15:04:29.289 | WARNING  | src.core.tts_engine:_play_audio_file:90 | 指定设备不可用 (translator_virtual_sink): No output device matching 'translator_virtual_sink'，使用系统默认设备播放
2026-06-03 15:04:31.562 | DEBUG    | src.core.tts_engine:_synthesize_edge_tts:70 | TTS合成完成: Hello. ...
2026-06-03 15:04:31.564 | WARNING  | src.core.tts_engine:_play_audio_file:90 | 指定设备不可用 (translator_virtual_sink): No output device matching 'translator_virtual_sink'，使用系统默认设备播放
2026-06-03 15:04:58.287 | INFO     | src.core.translator:_init_client:87 | 翻译策略: microsoft (降级: google)
2026-06-03 15:04:58.287 | INFO     | src.core.pipeline:initialize:77 | 初始化翻译管道...
2026-06-03 15:04:58.297 | INFO     | src.audio.virtual_device:_linux_create_speaker:60 | 虚拟音频设备 'translator_virtual' 已存在
2026-06-03 15:04:58.297 | INFO     | src.audio.virtual_device:_linux_create_mic_monitor:84 | Monitor 源自动可用: translator_virtual_sink.monitor
2026-06-03 15:04:58.297 | INFO     | src.core.pipeline:initialize:83 | 下载/加载 Whisper 模型（首次需下载 ~140MB）...
2026-06-03 15:04:58.297 | INFO     | src.core.asr_engine:load_model:33 | 加载 Whisper 模型: size=base, device=cpu, compute_type=int8
2026-06-03 15:04:59.101 | INFO     | src.core.asr_engine:load_model:43 | Whisper 模型加载成功
2026-06-03 15:04:59.101 | INFO     | src.core.asr_engine:load_model:33 | 加载 Whisper 模型: size=base, device=cpu, compute_type=int8
2026-06-03 15:17:22.145 | INFO     | src.utils.logger:setup_logger:31 | 日志系统初始化完成
2026-06-03 15:17:22.145 | INFO     | src.main:main:35 | ============================================================
2026-06-03 15:17:22.145 | INFO     | src.main:main:36 | Translator InTime v0.1.0 启动
2026-06-03 15:17:22.145 | INFO     | src.main:main:37 | 实时游戏语音双向翻译系统
2026-06-03 15:17:22.145 | INFO     | src.main:main:38 | ============================================================
2026-06-03 15:17:22.394 | INFO     | src.main:main:62 | GUI 已启动
2026-06-03 15:17:27.098 | INFO     | src.core.translator:_init_client:87 | 翻译策略: microsoft (降级: google)
2026-06-03 15:17:27.099 | INFO     | src.core.pipeline:initialize:87 | 初始化翻译管道...
2026-06-03 15:17:27.124 | INFO     | src.audio.virtual_device:_linux_create_speaker:60 | 虚拟音频设备 'translator_virtual' 已存在
2026-06-03 15:17:27.124 | INFO     | src.audio.virtual_device:_linux_create_mic_monitor:84 | Monitor 源自动可用: translator_virtual_sink.monitor
2026-06-03 15:17:27.125 | INFO     | src.core.pipeline:initialize:93 | 下载/加载 Whisper 模型（首次需下载 ~140MB）...
2026-06-03 15:17:27.125 | INFO     | src.core.asr_engine:load_model:33 | 加载 Whisper 模型: size=base, device=cpu, compute_type=int8
2026-06-03 15:17:28.360 | INFO     | src.core.asr_engine:load_model:43 | Whisper 模型加载成功
2026-06-03 15:17:28.360 | INFO     | src.core.asr_engine:load_model:33 | 加载 Whisper 模型: size=base, device=cpu, compute_type=int8
2026-06-03 15:17:29.349 | INFO     | src.core.asr_engine:load_model:43 | Whisper 模型加载成功
2026-06-03 15:17:29.349 | INFO     | src.audio.stream:find_device_by_name:44 | PortAudio 未找到 'translator_virtual_sink'，尝试 PulseAudio 设备名
2026-06-03 15:17:29.349 | INFO     | src.core.pipeline:initialize:116 | TTS输出: 虚拟设备 translator_virtual_sink
2026-06-03 15:17:29.349 | INFO     | src.core.pipeline:initialize:122 | 翻译管道初始化完成
2026-06-03 15:17:29.362 | INFO     | src.audio.stream:open_input:76 | 音频输入流已打开 (device=None, sr=16000)
2026-06-03 15:17:29.620 | INFO     | src.audio.stream:open_input:76 | 音频输入流已打开 (device=None, sr=16000)
2026-06-03 15:17:29.621 | INFO     | src.core.pipeline:start:165 | ✅ 双向翻译管道已启动
2026-06-03 15:17:29.621 | INFO     | src.core.pipeline:_outbound_loop:191 | 出站管道(中->外) 启动
2026-06-03 15:17:29.694 | INFO     | src.core.pipeline:_inbound_loop:271 | 入站管道(外->中) 启动
2026-06-03 15:17:34.727 | DEBUG    | src.core.asr_engine:transcribe:92 | ASR: 1-2-3
2026-06-03 15:17:36.347 | DEBUG    | src.core.translator:_translate_microsoft:344 | [Microsoft] 1-2-3... -> 肖邦夜曲三首 Op.9 、舒曼梦幻曲Op.15 与 勃拉姆斯...
2026-06-03 15:17:37.883 | DEBUG    | src.core.tts_engine:_synthesize_edge_tts:70 | TTS合成完成: 肖邦夜曲三首 Op.9 、舒曼梦幻曲Op.15 与 勃拉姆斯...
2026-06-03 15:17:37.905 | WARNING  | src.core.tts_engine:_play_audio_file:90 | 指定设备不可用 (translator_virtual_sink): No output device matching 'translator_virtual_sink'，使用系统默认设备播放
2026-06-03 15:17:51.440 | DEBUG    | src.core.asr_engine:transcribe:92 | ASR: 请问 请问
2026-06-03 15:17:52.561 | DEBUG    | src.core.translator:_translate_microsoft:344 | [Microsoft] 请问 请问... -> Excuse me, excuse me....
2026-06-03 15:17:53.243 | DEBUG    | src.core.tts_engine:_synthesize_edge_tts:70 | TTS合成完成: Excuse me, excuse me....
2026-06-03 15:17:53.252 | WARNING  | src.core.tts_engine:_play_audio_file:90 | 指定设备不可用 (translator_virtual_sink): No output device matching 'translator_virtual_sink'，使用系统默认设备播放
2026-06-03 15:18:01.749 | DEBUG    | src.core.asr_engine:transcribe:92 | ASR: 我们能够做到这些东西
2026-06-03 15:18:03.156 | DEBUG    | src.core.translator:_translate_microsoft:344 | [Microsoft] 我们能够做到这些东西... -> 我们能够做到这些东西...
2026-06-03 15:18:04.080 | DEBUG    | src.core.tts_engine:_synthesize_edge_tts:70 | TTS合成完成: 我们能够做到这些东西...
2026-06-03 15:18:04.086 | WARNING  | src.core.tts_engine:_play_audio_file:90 | 指定设备不可用 (translator_virtual_sink): No output device matching 'translator_virtual_sink'，使用系统默认设备播放
2026-06-03 15:18:13.087 | DEBUG    | src.core.asr_engine:transcribe:92 | ASR: 199
2026-06-03 15:18:14.534 | DEBUG    | src.core.translator:_translate_microsoft:344 | [Microsoft] 199... -> 199...
2026-06-03 15:18:15.387 | DEBUG    | src.core.tts_engine:_synthesize_edge_tts:70 | TTS合成完成: 199...
2026-06-03 15:18:15.394 | WARNING  | src.core.tts_engine:_play_audio_file:90 | 指定设备不可用 (translator_virtual_sink): No output device matching 'translator_virtual_sink'，使用系统默认设备播放
2026-06-03 15:18:30.500 | DEBUG    | src.core.asr_engine:transcribe:92 | ASR: 许医学学学技法
2026-06-03 15:18:32.538 | DEBUG    | src.core.translator:_translate_microsoft:344 | [Microsoft] 许医学学学技法... -> Xu Medical Science Techniques...
2026-06-03 15:18:33.519 | DEBUG    | src.core.tts_engine:_synthesize_edge_tts:70 | TTS合成完成: Xu Medical Science Techniques...
2026-06-03 15:18:33.528 | WARNING  | src.core.tts_engine:_play_audio_file:90 | 指定设备不可用 (translator_virtual_sink): No output device matching 'translator_virtual_sink'，使用系统默认设备播放
2026-06-03 15:18:45.726 | INFO     | src.core.translator:_init_client:87 | 翻译策略: microsoft (降级: google)
2026-06-03 15:18:45.726 | INFO     | src.core.pipeline:initialize:87 | 初始化翻译管道...
2026-06-03 15:18:45.733 | INFO     | src.audio.virtual_device:_linux_create_speaker:60 | 虚拟音频设备 'translator_virtual' 已存在
2026-06-03 15:18:45.734 | INFO     | src.audio.virtual_device:_linux_create_mic_monitor:84 | Monitor 源自动可用: translator_virtual_sink.monitor
2026-06-03 15:18:45.734 | INFO     | src.core.pipeline:initialize:93 | 下载/加载 Whisper 模型（首次需下载 ~140MB）...
2026-06-03 15:18:45.734 | INFO     | src.core.asr_engine:load_model:33 | 加载 Whisper 模型: size=base, device=cpu, compute_type=int8
2026-06-03 15:18:46.464 | INFO     | src.core.asr_engine:load_model:43 | Whisper 模型加载成功
2026-06-03 15:18:46.464 | INFO     | src.core.asr_engine:load_model:33 | 加载 Whisper 模型: size=base, device=cpu, compute_type=int8
2026-06-03 15:18:47.039 | INFO     | src.core.asr_engine:load_model:43 | Whisper 模型加载成功
2026-06-03 15:18:47.039 | INFO     | src.audio.stream:find_device_by_name:44 | PortAudio 未找到 'translator_virtual_sink'，尝试 PulseAudio 设备名
2026-06-03 15:18:47.039 | INFO     | src.core.pipeline:initialize:116 | TTS输出: 虚拟设备 translator_virtual_sink
2026-06-03 15:18:47.039 | INFO     | src.core.pipeline:initialize:122 | 翻译管道初始化完成
2026-06-03 15:18:47.050 | INFO     | src.audio.stream:open_input:76 | 音频输入流已打开 (device=None, sr=16000)
2026-06-03 15:18:47.061 | INFO     | src.audio.stream:open_input:76 | 音频输入流已打开 (device=None, sr=16000)
2026-06-03 15:18:47.061 | INFO     | src.core.pipeline:start:165 | ✅ 双向翻译管道已启动
2026-06-03 15:18:47.062 | INFO     | src.core.pipeline:_outbound_loop:191 | 出站管道(中->外) 启动
2026-06-03 15:18:47.128 | INFO     | src.core.pipeline:_inbound_loop:271 | 入站管道(外->中) 启动
2026-06-03 15:18:49.668 | INFO     | src.core.translator:_init_client:87 | 翻译策略: microsoft (降级: google)
2026-06-03 15:18:49.669 | INFO     | src.core.pipeline:initialize:87 | 初始化翻译管道...
2026-06-03 15:18:49.699 | INFO     | src.audio.virtual_device:_linux_create_speaker:60 | 虚拟音频设备 'translator_virtual' 已存在
2026-06-03 15:18:49.699 | INFO     | src.audio.virtual_device:_linux_create_mic_monitor:84 | Monitor 源自动可用: translator_virtual_sink.monitor
2026-06-03 15:18:49.700 | INFO     | src.core.pipeline:initialize:93 | 下载/加载 Whisper 模型（首次需下载 ~140MB）...
2026-06-03 15:18:49.701 | INFO     | src.core.asr_engine:load_model:33 | 加载 Whisper 模型: size=base, device=cpu, compute_type=int8
2026-06-03 15:18:50.264 | INFO     | src.core.asr_engine:load_model:43 | Whisper 模型加载成功
2026-06-03 15:18:50.264 | INFO     | src.core.asr_engine:load_model:33 | 加载 Whisper 模型: size=base, device=cpu, compute_type=int8
2026-06-03 15:18:50.837 | INFO     | src.core.asr_engine:load_model:43 | Whisper 模型加载成功
2026-06-03 15:18:50.838 | INFO     | src.audio.stream:find_device_by_name:44 | PortAudio 未找到 'translator_virtual_sink'，尝试 PulseAudio 设备名
2026-06-03 15:18:50.838 | INFO     | src.core.pipeline:initialize:116 | TTS输出: 虚拟设备 translator_virtual_sink
2026-06-03 15:18:50.838 | INFO     | src.core.pipeline:initialize:122 | 翻译管道初始化完成
2026-06-03 15:18:50.851 | INFO     | src.audio.stream:open_input:76 | 音频输入流已打开 (device=None, sr=16000)
2026-06-03 15:18:50.861 | INFO     | src.audio.stream:open_input:76 | 音频输入流已打开 (device=None, sr=16000)
2026-06-03 15:18:50.861 | INFO     | src.core.pipeline:start:165 | ✅ 双向翻译管道已启动
2026-06-03 15:18:50.861 | INFO     | src.core.pipeline:_outbound_loop:191 | 出站管道(中->外) 启动
2026-06-03 15:18:50.925 | INFO     | src.core.pipeline:_inbound_loop:271 | 入站管道(外->中) 启动
2026-06-03 15:18:55.247 | DEBUG    | src.core.asr_engine:transcribe:92 | ASR: 沒有,沒有
2026-06-03 15:18:56.433 | DEBUG    | src.core.translator:_translate_microsoft:344 | [Microsoft] 沒有,沒有... -> No, no...
2026-06-03 15:18:57.283 | DEBUG    | src.core.tts_engine:_synthesize_edge_tts:70 | TTS合成完成: No, no...
2026-06-03 15:18:57.290 | WARNING  | src.core.tts_engine:_play_audio_file:90 | 指定设备不可用 (translator_virtual_sink): No output device matching 'translator_virtual_sink'，使用系统默认设备播放
2026-06-03 15:19:01.429 | DEBUG    | src.core.asr_engine:transcribe:92 | ASR: 冷靜冷靜
2026-06-03 15:19:02.531 | DEBUG    | src.core.translator:_translate_microsoft:344 | [Microsoft] 冷靜冷靜... -> Calm down. Calm down....
2026-06-03 15:19:03.564 | DEBUG    | src.core.tts_engine:_synthesize_edge_tts:70 | TTS合成完成: Calm down. Calm down....
2026-06-03 15:19:03.571 | WARNING  | src.core.tts_engine:_play_audio_file:90 | 指定设备不可用 (translator_virtual_sink): No output device matching 'translator_virtual_sink'，使用系统默认设备播放
2026-06-03 15:19:09.493 | DEBUG    | src.core.asr_engine:transcribe:92 | ASR: 你认认认论
2026-06-03 15:19:10.935 | DEBUG    | src.core.translator:_translate_microsoft:344 | [Microsoft] 你认认认论... -> 你认认认论...
2026-06-03 15:19:16.056 | DEBUG    | src.core.tts_engine:_synthesize_edge_tts:70 | TTS合成完成: 你认认认论...
2026-06-03 15:19:16.063 | WARNING  | src.core.tts_engine:_play_audio_file:90 | 指定设备不可用 (translator_virtual_sink): No output device matching 'translator_virtual_sink'，使用系统默认设备播放
2026-06-03 15:19:38.614 | DEBUG    | src.core.asr_engine:transcribe:92 | ASR: 人家 know
2026-06-03 15:19:40.551 | DEBUG    | src.core.translator:_translate_microsoft:344 | [Microsoft] 人家 know... -> People know...
2026-06-03 15:19:41.654 | DEBUG    | src.core.tts_engine:_synthesize_edge_tts:70 | TTS合成完成: People know...
2026-06-03 15:19:41.659 | WARNING  | src.core.tts_engine:_play_audio_file:90 | 指定设备不可用 (translator_virtual_sink): No output device matching 'translator_virtual_sink'，使用系统默认设备播放
2026-06-03 15:19:46.432 | DEBUG    | src.core.asr_engine:transcribe:92 | ASR: 那
2026-06-03 15:19:47.457 | DEBUG    | src.core.translator:_translate_microsoft:344 | [Microsoft] 那... -> 那...
2026-06-03 15:19:48.481 | DEBUG    | src.core.tts_engine:_synthesize_edge_tts:70 | TTS合成完成: 那...
2026-06-03 15:19:48.487 | WARNING  | src.core.tts_engine:_play_audio_file:90 | 指定设备不可用 (translator_virtual_sink): No output device matching 'translator_virtual_sink'，使用系统默认设备播放
2026-06-03 15:19:56.151 | DEBUG    | src.core.asr_engine:transcribe:92 | ASR: 你好
2026-06-03 15:19:57.312 | DEBUG    | src.core.translator:_translate_microsoft:344 | [Microsoft] 你好... -> Hello. ...
2026-06-03 15:19:58.080 | DEBUG    | src.core.tts_engine:_synthesize_edge_tts:70 | TTS合成完成: Hello. ...
2026-06-03 15:19:58.082 | WARNING  | src.core.tts_engine:_play_audio_file:90 | 指定设备不可用 (translator_virtual_sink): No output device matching 'translator_virtual_sink'，使用系统默认设备播放
2026-06-03 15:20:37.387 | DEBUG    | src.core.asr_engine:transcribe:92 | ASR: 轮起来
2026-06-03 15:20:38.484 | DEBUG    | src.core.translator:_translate_microsoft:344 | [Microsoft] 轮起来... -> Wheel up...
2026-06-03 15:20:39.422 | DEBUG    | src.core.tts_engine:_synthesize_edge_tts:70 | TTS合成完成: Wheel up...
2026-06-03 15:20:39.423 | WARNING  | src.core.tts_engine:_play_audio_file:90 | 指定设备不可用 (translator_virtual_sink): No output device matching 'translator_virtual_sink'，使用系统默认设备播放
2026-06-03 15:20:43.871 | DEBUG    | src.core.asr_engine:transcribe:92 | ASR: 我忘記了
2026-06-03 15:20:44.969 | DEBUG    | src.core.translator:_translate_microsoft:344 | [Microsoft] 我忘記了... -> I forgot...
2026-06-03 15:20:45.736 | DEBUG    | src.core.tts_engine:_synthesize_edge_tts:70 | TTS合成完成: I forgot...
2026-06-03 15:20:45.738 | WARNING  | src.core.tts_engine:_play_audio_file:90 | 指定设备不可用 (translator_virtual_sink): No output device matching 'translator_virtual_sink'，使用系统默认设备播放
2026-06-03 15:30:27.606 | INFO     | src.utils.logger:setup_logger:31 | 日志系统初始化完成
2026-06-03 15:30:27.607 | INFO     | src.main:main:35 | ============================================================
2026-06-03 15:30:27.607 | INFO     | src.main:main:36 | Translator InTime v0.1.0 启动
2026-06-03 15:30:27.607 | INFO     | src.main:main:37 | 实时游戏语音双向翻译系统
2026-06-03 15:30:27.607 | INFO     | src.main:main:38 | ============================================================
2026-06-03 15:30:28.018 | INFO     | src.main:main:62 | GUI 已启动
2026-06-03 15:30:29.452 | INFO     | src.core.translator:_init_client:87 | 翻译策略: microsoft (降级: google)
2026-06-03 15:30:29.453 | INFO     | src.core.pipeline:initialize:87 | 初始化翻译管道...
2026-06-03 15:30:29.466 | INFO     | src.audio.virtual_device:_linux_create_speaker:60 | 虚拟音频设备 'translator_virtual' 已存在
2026-06-03 15:30:29.467 | INFO     | src.audio.virtual_device:_linux_create_mic_monitor:84 | Monitor 源自动可用: translator_virtual_sink.monitor
2026-06-03 15:30:29.467 | INFO     | src.core.pipeline:initialize:93 | 下载/加载 Whisper 模型（首次需下载 ~140MB）...
2026-06-03 15:30:29.467 | INFO     | src.core.asr_engine:load_model:34 | 加载 Whisper 模型: size=small, device=cpu, compute_type=int8
2026-06-03 15:47:40.218 | INFO     | src.main:cleanup:52 | 收到退出信号，正在清理...
2026-06-03 15:47:43.983 | INFO     | src.utils.logger:setup_logger:31 | 日志系统初始化完成
2026-06-03 15:47:43.983 | INFO     | src.main:main:40 | ============================================================
2026-06-03 15:47:43.983 | INFO     | src.main:main:41 | Translator InTime v0.1.0 启动
2026-06-03 15:47:43.983 | INFO     | src.main:main:42 | 实时游戏语音双向翻译系统
2026-06-03 15:47:43.983 | INFO     | src.main:main:43 | ============================================================
2026-06-03 15:47:44.213 | INFO     | src.main:main:67 | GUI 已启动
2026-06-03 15:47:49.815 | INFO     | src.core.translator:_init_client:87 | 翻译策略: microsoft (降级: google)
2026-06-03 15:47:49.816 | INFO     | src.core.pipeline:initialize:87 | 初始化翻译管道...
2026-06-03 15:47:49.841 | INFO     | src.audio.virtual_device:_linux_create_speaker:60 | 虚拟音频设备 'translator_virtual' 已存在
2026-06-03 15:47:49.842 | INFO     | src.audio.virtual_device:_linux_create_mic_monitor:84 | Monitor 源自动可用: translator_virtual_sink.monitor
2026-06-03 15:47:49.842 | INFO     | src.core.pipeline:initialize:93 | 下载/加载 Whisper 模型（首次需下载 ~140MB）...
2026-06-03 15:47:49.843 | INFO     | src.core.asr_engine:load_model:34 | 加载 Whisper 模型: size=small, device=cpu, compute_type=int8
2026-06-03 15:47:51.484 | ERROR    | src.core.asr_engine:load_model:47 | Whisper 模型加载失败: An error happened while trying to locate the file on the Hub and we cannot find the requested files in the local cache. Please check your connection and try again or make sure your Internet connection is on.
2026-06-03 15:47:51.485 | ERROR    | src.core.asr_engine:load_model:48 | 请检查网络连接，首次运行需要下载模型(~140MB)。如无法访问 HuggingFace，可设置镜像: export HF_ENDPOINT=https://hf-mirror.com
2026-06-03 15:47:51.486 | ERROR    | src.core.pipeline:initialize:96 | ASR 模型加载失败！翻译功能不可用。如 HuggingFace 不可访问，设置环境变量后重试:
  export HF_ENDPOINT=https://hf-mirror.com
  python run.py
2026-06-03 15:47:51.487 | INFO     | src.audio.stream:find_device_by_name:44 | PortAudio 未找到 'translator_virtual_sink'，尝试 PulseAudio 设备名
2026-06-03 15:47:51.487 | INFO     | src.core.pipeline:initialize:116 | TTS输出: 虚拟设备 translator_virtual_sink
2026-06-03 15:47:51.487 | INFO     | src.core.pipeline:initialize:122 | 翻译管道初始化完成
2026-06-03 15:47:51.532 | INFO     | src.audio.stream:open_input:76 | 音频输入流已打开 (device=None, sr=16000)
2026-06-03 15:47:51.791 | INFO     | src.audio.stream:open_input:76 | 音频输入流已打开 (device=None, sr=16000)
2026-06-03 15:47:51.792 | INFO     | src.core.pipeline:start:165 | ✅ 双向翻译管道已启动
2026-06-03 15:47:51.792 | INFO     | src.core.pipeline:_outbound_loop:191 | 出站管道(中->外) 启动
2026-06-03 15:47:51.843 | INFO     | src.core.pipeline:_inbound_loop:271 | 入站管道(外->中) 启动
2026-06-03 15:47:55.056 | WARNING  | src.core.asr_engine:transcribe:72 | 模型未加载，无法识别
2026-06-03 15:47:55.056 | WARNING  | src.core.asr_engine:transcribe:72 | 模型未加载，无法识别
2026-06-03 15:47:58.303 | WARNING  | src.core.asr_engine:transcribe:72 | 模型未加载，无法识别
2026-06-03 15:47:58.304 | WARNING  | src.core.asr_engine:transcribe:72 | 模型未加载，无法识别
2026-06-03 15:48:07.373 | INFO     | src.core.translator:_init_client:87 | 翻译策略: microsoft (降级: google)
2026-06-03 15:48:07.373 | INFO     | src.core.pipeline:initialize:87 | 初始化翻译管道...
2026-06-03 15:48:07.381 | INFO     | src.audio.virtual_device:_linux_create_speaker:60 | 虚拟音频设备 'translator_virtual' 已存在
2026-06-03 15:48:07.381 | INFO     | src.audio.virtual_device:_linux_create_mic_monitor:84 | Monitor 源自动可用: translator_virtual_sink.monitor
2026-06-03 15:48:07.381 | INFO     | src.core.pipeline:initialize:93 | 下载/加载 Whisper 模型（首次需下载 ~140MB）...
2026-06-03 15:48:07.381 | INFO     | src.core.asr_engine:load_model:34 | 加载 Whisper 模型: size=small, device=cpu, compute_type=int8
2026-06-03 15:48:08.354 | ERROR    | src.core.asr_engine:load_model:47 | Whisper 模型加载失败: An error happened while trying to locate the file on the Hub and we cannot find the requested files in the local cache. Please check your connection and try again or make sure your Internet connection is on.
2026-06-03 15:48:08.355 | ERROR    | src.core.asr_engine:load_model:48 | 请检查网络连接，首次运行需要下载模型(~140MB)。如无法访问 HuggingFace，可设置镜像: export HF_ENDPOINT=https://hf-mirror.com
2026-06-03 15:48:08.355 | ERROR    | src.core.pipeline:initialize:96 | ASR 模型加载失败！翻译功能不可用。如 HuggingFace 不可访问，设置环境变量后重试:
  export HF_ENDPOINT=https://hf-mirror.com
  python run.py
2026-06-03 15:48:08.356 | INFO     | src.audio.stream:find_device_by_name:44 | PortAudio 未找到 'translator_virtual_sink'，尝试 PulseAudio 设备名
2026-06-03 15:48:08.357 | INFO     | src.core.pipeline:initialize:116 | TTS输出: 虚拟设备 translator_virtual_sink
2026-06-03 15:48:08.357 | INFO     | src.core.pipeline:initialize:122 | 翻译管道初始化完成
2026-06-03 15:48:08.387 | INFO     | src.audio.stream:open_input:76 | 音频输入流已打开 (device=None, sr=16000)
2026-06-03 15:48:08.403 | INFO     | src.audio.stream:open_input:76 | 音频输入流已打开 (device=None, sr=16000)
2026-06-03 15:48:08.403 | INFO     | src.core.pipeline:start:165 | ✅ 双向翻译管道已启动
2026-06-03 15:48:08.403 | INFO     | src.core.pipeline:_outbound_loop:191 | 出站管道(中->外) 启动
2026-06-03 15:48:08.457 | INFO     | src.core.pipeline:_inbound_loop:271 | 入站管道(外->中) 启动
2026-06-03 15:48:11.700 | WARNING  | src.core.asr_engine:transcribe:72 | 模型未加载，无法识别
2026-06-03 15:48:11.701 | WARNING  | src.core.asr_engine:transcribe:72 | 模型未加载，无法识别
2026-06-03 15:48:14.943 | WARNING  | src.core.asr_engine:transcribe:72 | 模型未加载，无法识别
2026-06-03 15:48:14.944 | WARNING  | src.core.asr_engine:transcribe:72 | 模型未加载，无法识别
2026-06-03 15:48:18.195 | WARNING  | src.core.asr_engine:transcribe:72 | 模型未加载，无法识别
2026-06-03 15:48:18.196 | WARNING  | src.core.asr_engine:transcribe:72 | 模型未加载，无法识别
2026-06-03 15:48:33.298 | INFO     | src.utils.logger:setup_logger:31 | 日志系统初始化完成
2026-06-03 15:48:33.298 | INFO     | src.main:main:40 | ============================================================
2026-06-03 15:48:33.298 | INFO     | src.main:main:41 | Translator InTime v0.1.0 启动
2026-06-03 15:48:33.298 | INFO     | src.main:main:42 | 实时游戏语音双向翻译系统
2026-06-03 15:48:33.298 | INFO     | src.main:main:43 | ============================================================
2026-06-03 15:48:33.567 | INFO     | src.main:main:67 | GUI 已启动
2026-06-03 15:48:34.774 | INFO     | src.core.translator:_init_client:87 | 翻译策略: microsoft (降级: google)
2026-06-03 15:48:34.774 | INFO     | src.core.pipeline:initialize:87 | 初始化翻译管道...
2026-06-03 15:48:34.790 | INFO     | src.audio.virtual_device:_linux_create_speaker:60 | 虚拟音频设备 'translator_virtual' 已存在
2026-06-03 15:48:34.790 | INFO     | src.audio.virtual_device:_linux_create_mic_monitor:84 | Monitor 源自动可用: translator_virtual_sink.monitor
2026-06-03 15:48:34.790 | INFO     | src.core.pipeline:initialize:93 | 下载/加载 Whisper 模型（首次需下载 ~140MB）...
2026-06-03 15:48:34.791 | INFO     | src.core.asr_engine:load_model:34 | 加载 Whisper 模型: size=small, device=cpu, compute_type=int8
2026-06-03 15:48:36.008 | ERROR    | src.core.asr_engine:load_model:47 | Whisper 模型加载失败: An error happened while trying to locate the file on the Hub and we cannot find the requested files in the local cache. Please check your connection and try again or make sure your Internet connection is on.
2026-06-03 15:48:36.009 | ERROR    | src.core.asr_engine:load_model:48 | 请检查网络连接，首次运行需要下载模型(~140MB)。如无法访问 HuggingFace，可设置镜像: export HF_ENDPOINT=https://hf-mirror.com
2026-06-03 15:48:36.009 | ERROR    | src.core.pipeline:initialize:96 | ASR 模型加载失败！翻译功能不可用。如 HuggingFace 不可访问，设置环境变量后重试:
  export HF_ENDPOINT=https://hf-mirror.com
  python run.py
2026-06-03 15:48:36.010 | INFO     | src.audio.stream:find_device_by_name:44 | PortAudio 未找到 'translator_virtual_sink'，尝试 PulseAudio 设备名
2026-06-03 15:48:36.010 | INFO     | src.core.pipeline:initialize:116 | TTS输出: 虚拟设备 translator_virtual_sink
2026-06-03 15:48:36.010 | INFO     | src.core.pipeline:initialize:122 | 翻译管道初始化完成
2026-06-03 15:48:36.040 | INFO     | src.audio.stream:open_input:76 | 音频输入流已打开 (device=None, sr=16000)
2026-06-03 15:48:36.279 | INFO     | src.audio.stream:open_input:76 | 音频输入流已打开 (device=None, sr=16000)
2026-06-03 15:48:36.280 | INFO     | src.core.pipeline:start:165 | ✅ 双向翻译管道已启动
2026-06-03 15:48:36.280 | INFO     | src.core.pipeline:_outbound_loop:191 | 出站管道(中->外) 启动
2026-06-03 15:48:36.348 | INFO     | src.core.pipeline:_inbound_loop:271 | 入站管道(外->中) 启动
2026-06-03 15:48:39.560 | WARNING  | src.core.asr_engine:transcribe:72 | 模型未加载，无法识别
2026-06-03 15:48:39.561 | WARNING  | src.core.asr_engine:transcribe:72 | 模型未加载，无法识别
2026-06-03 15:48:42.808 | WARNING  | src.core.asr_engine:transcribe:72 | 模型未加载，无法识别
2026-06-03 15:48:42.808 | WARNING  | src.core.asr_engine:transcribe:72 | 模型未加载，无法识别
2026-06-03 15:48:46.062 | WARNING  | src.core.asr_engine:transcribe:72 | 模型未加载，无法识别
2026-06-03 15:48:46.062 | WARNING  | src.core.asr_engine:transcribe:72 | 模型未加载，无法识别
2026-06-03 15:48:46.974 | INFO     | src.main:cleanup:57 | 收到退出信号，正在清理...
2026-06-03 15:56:41.921 | INFO     | src.utils.logger:setup_logger:31 | 日志系统初始化完成
2026-06-03 15:56:41.921 | INFO     | src.main:main:40 | ============================================================
2026-06-03 15:56:41.921 | INFO     | src.main:main:41 | Translator InTime v0.1.0 启动
2026-06-03 15:56:41.921 | INFO     | src.main:main:42 | 实时游戏语音双向翻译系统
2026-06-03 15:56:41.921 | INFO     | src.main:main:43 | ============================================================
2026-06-03 15:56:42.146 | INFO     | src.main:main:67 | GUI 已启动
2026-06-03 15:56:43.681 | INFO     | src.core.translator:_init_client:87 | 翻译策略: microsoft (降级: google)
2026-06-03 15:56:43.682 | INFO     | src.core.pipeline:initialize:87 | 初始化翻译管道...
2026-06-03 15:56:43.712 | INFO     | src.audio.virtual_device:_linux_create_speaker:60 | 虚拟音频设备 'translator_virtual' 已存在
2026-06-03 15:56:43.712 | INFO     | src.audio.virtual_device:_linux_create_mic_monitor:84 | Monitor 源自动可用: translator_virtual_sink.monitor
2026-06-03 15:56:43.713 | INFO     | src.core.pipeline:initialize:93 | 下载/加载 Whisper 模型（首次需下载 ~140MB）...
2026-06-03 15:56:43.713 | INFO     | src.core.asr_engine:load_model:36 | 加载 Whisper 模型: faster-whisper-small, device=cpu
2026-06-03 15:56:43.713 | INFO     | src.core.asr_engine:load_model:51 |   尝试镜像: https://hf-mirror.com
2026-06-03 15:56:45.118 | WARNING  | src.core.asr_engine:load_model:61 |   镜像 https://hf-mirror.com 失败: An error happened while trying to locate the file on the Hub and we cannot find the requested files in the local cache. Please check your connection and try again or make sure your Internet connection is on.
2026-06-03 15:56:45.119 | INFO     | src.core.asr_engine:load_model:51 |   尝试镜像: https://hf-mirror.com
2026-06-03 15:56:45.621 | WARNING  | src.core.asr_engine:load_model:61 |   镜像 https://hf-mirror.com 失败: An error happened while trying to locate the file on the Hub and we cannot find the requested files in the local cache. Please check your connection and try again or make sure your Internet connection is on.
2026-06-03 15:56:45.622 | INFO     | src.core.asr_engine:load_model:51 |   尝试镜像: https://huggingface.co
2026-06-03 15:56:46.109 | WARNING  | src.core.asr_engine:load_model:61 |   镜像 https://huggingface.co 失败: An error happened while trying to locate the file on the Hub and we cannot find the requested files in the local cache. Please check your connection and try again or make sure your Internet connection is on.
2026-06-03 15:56:46.109 | ERROR    | src.core.asr_engine:load_model:63 | 所有镜像均失败。最后错误: An error happened while trying to locate the file on the Hub and we cannot find the requested files in the local cache. Please check your connection and try again or make sure your Internet connection is on.
2026-06-03 15:56:46.110 | ERROR    | src.core.asr_engine:load_model:64 | 手动解决方案:
  1. pip install huggingface_hub
  2. huggingface-cli download Systran/faster-whisper-small --local-dir ~/.cache/huggingface/hub/models--Systran--faster-whisper-small
  3. 如果以上都不行，手动下载模型文件放到缓存目录
2026-06-03 15:56:46.110 | ERROR    | src.core.pipeline:initialize:96 | ASR 模型加载失败！翻译功能不可用。如 HuggingFace 不可访问，设置环境变量后重试:
  export HF_ENDPOINT=https://hf-mirror.com
  python run.py
2026-06-03 15:56:46.111 | INFO     | src.audio.stream:find_device_by_name:44 | PortAudio 未找到 'translator_virtual_sink'，尝试 PulseAudio 设备名
2026-06-03 15:56:46.112 | INFO     | src.core.pipeline:initialize:116 | TTS输出: 虚拟设备 translator_virtual_sink
2026-06-03 15:56:46.112 | INFO     | src.core.pipeline:initialize:122 | 翻译管道初始化完成
2026-06-03 15:56:46.158 | INFO     | src.audio.stream:open_input:76 | 音频输入流已打开 (device=None, sr=16000)
2026-06-03 15:56:46.509 | INFO     | src.audio.stream:open_input:76 | 音频输入流已打开 (device=None, sr=16000)
2026-06-03 15:56:46.510 | INFO     | src.core.pipeline:start:165 | ✅ 双向翻译管道已启动
2026-06-03 15:56:46.510 | INFO     | src.core.pipeline:_outbound_loop:191 | 出站管道(中->外) 启动
2026-06-03 15:56:46.564 | INFO     | src.core.pipeline:_inbound_loop:271 | 入站管道(外->中) 启动
2026-06-03 15:56:49.776 | WARNING  | src.core.asr_engine:transcribe:92 | 模型未加载，无法识别
2026-06-03 15:56:49.777 | WARNING  | src.core.asr_engine:transcribe:92 | 模型未加载，无法识别
2026-06-03 15:56:53.023 | WARNING  | src.core.asr_engine:transcribe:92 | 模型未加载，无法识别
2026-06-03 15:56:53.024 | WARNING  | src.core.asr_engine:transcribe:92 | 模型未加载，无法识别
2026-06-03 15:57:44.842 | INFO     | src.utils.logger:setup_logger:31 | 日志系统初始化完成
2026-06-03 15:57:44.842 | INFO     | src.main:main:40 | ============================================================
2026-06-03 15:57:44.843 | INFO     | src.main:main:41 | Translator InTime v0.1.0 启动
2026-06-03 15:57:44.843 | INFO     | src.main:main:42 | 实时游戏语音双向翻译系统
2026-06-03 15:57:44.843 | INFO     | src.main:main:43 | ============================================================
2026-06-03 15:57:45.075 | INFO     | src.main:main:67 | GUI 已启动
2026-06-03 15:57:46.031 | INFO     | src.core.translator:_init_client:87 | 翻译策略: microsoft (降级: google)
2026-06-03 15:57:46.032 | INFO     | src.core.pipeline:initialize:87 | 初始化翻译管道...
2026-06-03 15:57:46.059 | INFO     | src.audio.virtual_device:_linux_create_speaker:60 | 虚拟音频设备 'translator_virtual' 已存在
2026-06-03 15:57:46.060 | INFO     | src.audio.virtual_device:_linux_create_mic_monitor:84 | Monitor 源自动可用: translator_virtual_sink.monitor
2026-06-03 15:57:46.060 | INFO     | src.core.pipeline:initialize:93 | 下载/加载 Whisper 模型（首次需下载 ~140MB）...
2026-06-03 15:57:46.061 | INFO     | src.core.asr_engine:load_model:36 | 加载 Whisper 模型: faster-whisper-small, device=cpu
2026-06-03 15:57:46.061 | INFO     | src.core.asr_engine:load_model:51 |   尝试镜像: https://hf-mirror.com
2026-06-03 15:57:47.451 | WARNING  | src.core.asr_engine:load_model:61 |   镜像 https://hf-mirror.com 失败: An error happened while trying to locate the file on the Hub and we cannot find the requested files in the local cache. Please check your connection and try again or make sure your Internet connection is on.
2026-06-03 15:57:47.451 | INFO     | src.core.asr_engine:load_model:51 |   尝试镜像: https://hf-mirror.com
2026-06-03 15:57:47.956 | WARNING  | src.core.asr_engine:load_model:61 |   镜像 https://hf-mirror.com 失败: An error happened while trying to locate the file on the Hub and we cannot find the requested files in the local cache. Please check your connection and try again or make sure your Internet connection is on.
2026-06-03 15:57:47.957 | INFO     | src.core.asr_engine:load_model:51 |   尝试镜像: https://huggingface.co
2026-06-03 15:57:48.435 | WARNING  | src.core.asr_engine:load_model:61 |   镜像 https://huggingface.co 失败: An error happened while trying to locate the file on the Hub and we cannot find the requested files in the local cache. Please check your connection and try again or make sure your Internet connection is on.
2026-06-03 15:57:48.435 | ERROR    | src.core.asr_engine:load_model:63 | 所有镜像均失败。最后错误: An error happened while trying to locate the file on the Hub and we cannot find the requested files in the local cache. Please check your connection and try again or make sure your Internet connection is on.
2026-06-03 15:57:48.436 | ERROR    | src.core.asr_engine:load_model:64 | 手动解决方案:
  1. pip install huggingface_hub
  2. huggingface-cli download Systran/faster-whisper-small --local-dir ~/.cache/huggingface/hub/models--Systran--faster-whisper-small
  3. 如果以上都不行，手动下载模型文件放到缓存目录
2026-06-03 15:57:48.436 | ERROR    | src.core.pipeline:initialize:96 | ASR 模型加载失败！翻译功能不可用。如 HuggingFace 不可访问，设置环境变量后重试:
  export HF_ENDPOINT=https://hf-mirror.com
  python run.py
2026-06-03 15:57:48.437 | INFO     | src.audio.stream:find_device_by_name:44 | PortAudio 未找到 'translator_virtual_sink'，尝试 PulseAudio 设备名
2026-06-03 15:57:48.437 | INFO     | src.core.pipeline:initialize:116 | TTS输出: 虚拟设备 translator_virtual_sink
2026-06-03 15:57:48.438 | INFO     | src.core.pipeline:initialize:122 | 翻译管道初始化完成
2026-06-03 15:57:48.484 | INFO     | src.audio.stream:open_input:76 | 音频输入流已打开 (device=None, sr=16000)
2026-06-03 15:57:48.844 | INFO     | src.audio.stream:open_input:76 | 音频输入流已打开 (device=None, sr=16000)
2026-06-03 15:57:48.844 | INFO     | src.core.pipeline:start:165 | ✅ 双向翻译管道已启动
2026-06-03 15:57:48.845 | INFO     | src.core.pipeline:_outbound_loop:191 | 出站管道(中->外) 启动
2026-06-03 15:57:48.895 | INFO     | src.core.pipeline:_inbound_loop:271 | 入站管道(外->中) 启动
2026-06-03 16:31:17.892 | INFO     | src.utils.logger:setup_logger:31 | 日志系统初始化完成
2026-06-03 16:31:17.893 | INFO     | src.main:main:40 | ============================================================
2026-06-03 16:31:17.893 | INFO     | src.main:main:41 | Translator InTime v0.1.0 启动
2026-06-03 16:31:17.893 | INFO     | src.main:main:42 | 实时游戏语音双向翻译系统
2026-06-03 16:31:17.893 | INFO     | src.main:main:43 | ============================================================
2026-06-03 16:31:18.194 | INFO     | src.main:main:67 | GUI 已启动
2026-06-03 16:31:20.345 | INFO     | src.core.translator:_init_client:87 | 翻译策略: microsoft (降级: google)
2026-06-03 16:31:20.345 | INFO     | src.core.pipeline:initialize:87 | 初始化翻译管道...
2026-06-03 16:31:20.360 | INFO     | src.audio.virtual_device:_linux_create_speaker:68 | 已创建虚拟扬声器: translator_virtual_sink
2026-06-03 16:31:20.360 | INFO     | src.audio.virtual_device:_linux_create_mic_monitor:84 | Monitor 源自动可用: translator_virtual_sink.monitor
2026-06-03 16:31:20.360 | INFO     | src.core.pipeline:initialize:93 | 下载/加载 Whisper 模型（首次需下载 ~140MB）...
2026-06-03 16:31:20.361 | INFO     | src.core.asr_engine:load_model:40 | 加载 Whisper 模型: faster-whisper-small, device=cpu
2026-06-03 16:31:20.361 | INFO     | src.core.asr_engine:load_model:76 |   下载: https://hf-mirror.com
2026-06-03 16:31:25.828 | INFO     | src.core.asr_engine:load_model:76 |   下载: https://hf-mirror.com
2026-06-03 16:31:26.515 | INFO     | src.core.asr_engine:load_model:76 |   下载: https://huggingface.co
2026-06-03 16:31:27.226 | ERROR    | src.core.asr_engine:load_model:85 | 模型下载失败。国内用户可用 ModelScope:
  pip install modelscope
  python -c "from modelscope import snapshot_download; snapshot_download('systran/faster-whisper-small', cache_dir='./models')"
然后重新启动 python run.py
2026-06-03 16:31:27.226 | ERROR    | src.core.pipeline:initialize:96 | ASR 模型加载失败！翻译功能不可用。如 HuggingFace 不可访问，设置环境变量后重试:
  export HF_ENDPOINT=https://hf-mirror.com
  python run.py
2026-06-03 16:31:27.226 | INFO     | src.audio.stream:find_device_by_name:69 | PortAudio 未找到 'translator_virtual_sink'，尝试 PulseAudio 设备名
2026-06-03 16:31:27.226 | INFO     | src.core.pipeline:initialize:116 | TTS输出: 虚拟设备 translator_virtual_sink
2026-06-03 16:31:27.226 | INFO     | src.core.pipeline:initialize:122 | 翻译管道初始化完成
2026-06-03 16:31:27.242 | INFO     | src.audio.stream:open_input:101 | 音频输入流已打开 (device=None, sr=16000)
2026-06-03 16:31:27.547 | INFO     | src.audio.stream:open_input:101 | 音频输入流已打开 (device=None, sr=16000)
2026-06-03 16:31:27.548 | INFO     | src.core.pipeline:start:165 | ✅ 双向翻译管道已启动
2026-06-03 16:31:27.548 | INFO     | src.core.pipeline:_outbound_loop:191 | 出站管道(中->外) 启动
2026-06-03 16:31:27.628 | INFO     | src.core.pipeline:_inbound_loop:271 | 入站管道(外->中) 启动
2026-06-03 16:31:30.814 | WARNING  | src.core.asr_engine:transcribe:114 | 模型未加载，无法识别
2026-06-03 16:31:30.888 | WARNING  | src.core.asr_engine:transcribe:114 | 模型未加载，无法识别
2026-06-03 16:52:54.305 | INFO     | src.utils.logger:setup_logger:31 | 日志系统初始化完成
2026-06-03 16:52:54.305 | INFO     | src.main:main:40 | ============================================================
2026-06-03 16:52:54.305 | INFO     | src.main:main:41 | Translator InTime v0.1.0 启动
2026-06-03 16:52:54.305 | INFO     | src.main:main:42 | 实时游戏语音双向翻译系统
2026-06-03 16:52:54.305 | INFO     | src.main:main:43 | ============================================================
2026-06-03 16:52:54.579 | INFO     | src.main:main:67 | GUI 已启动
2026-06-03 16:52:56.624 | INFO     | src.core.translator:_init_client:87 | 翻译策略: microsoft (降级: google)
2026-06-03 16:52:56.625 | INFO     | src.core.pipeline:initialize:87 | 初始化翻译管道...
2026-06-03 16:52:56.647 | INFO     | src.audio.virtual_device:_linux_create_speaker:60 | 虚拟音频设备 'translator_virtual' 已存在
2026-06-03 16:52:56.648 | INFO     | src.audio.virtual_device:_linux_create_mic_monitor:84 | Monitor 源自动可用: translator_virtual_sink.monitor
2026-06-03 16:52:56.648 | INFO     | src.core.pipeline:initialize:93 | 下载/加载 Whisper 模型（首次需下载 ~140MB）...
2026-06-03 16:52:56.649 | INFO     | src.core.asr_engine:load_model:40 | 加载 Whisper 模型: faster-whisper-small, device=cpu
2026-06-03 16:52:56.650 | INFO     | src.core.asr_engine:load_model:76 |   下载: https://hf-mirror.com
2026-06-03 16:52:57.956 | INFO     | src.core.asr_engine:load_model:76 |   下载: https://huggingface.co
2026-06-03 16:52:58.641 | ERROR    | src.core.asr_engine:load_model:85 | 模型下载失败。国内用户可用 ModelScope:
  pip install modelscope
  python -c "from modelscope import snapshot_download; snapshot_download('systran/faster-whisper-small', cache_dir='./models')"
然后重新启动 python run.py
2026-06-03 16:52:58.642 | ERROR    | src.core.pipeline:initialize:96 | ASR 模型加载失败！翻译功能不可用。如 HuggingFace 不可访问，设置环境变量后重试:
  export HF_ENDPOINT=https://hf-mirror.com
  python run.py
2026-06-03 16:52:58.644 | INFO     | src.audio.stream:find_device_by_name:75 | PortAudio 未找到 'translator_virtual_sink'，尝试 PulseAudio 设备名
2026-06-03 16:52:58.644 | INFO     | src.core.pipeline:initialize:116 | TTS输出: 虚拟设备 translator_virtual_sink
2026-06-03 16:52:58.645 | INFO     | src.core.pipeline:initialize:122 | 翻译管道初始化完成
2026-06-03 16:52:58.680 | INFO     | src.audio.stream:open_input:107 | 音频输入流已打开 (device=None, sr=16000)
2026-06-03 16:52:59.005 | INFO     | src.audio.stream:open_input:107 | 音频输入流已打开 (device=None, sr=16000)
2026-06-03 16:52:59.005 | INFO     | src.core.pipeline:start:165 | ✅ 双向翻译管道已启动
2026-06-03 16:52:59.011 | INFO     | src.core.pipeline:_outbound_loop:191 | 出站管道(中->外) 启动
2026-06-03 16:52:59.062 | INFO     | src.core.pipeline:_inbound_loop:271 | 入站管道(外->中) 启动
2026-06-03 16:53:02.275 | WARNING  | src.core.asr_engine:transcribe:114 | 模型未加载，无法识别
2026-06-03 16:53:02.276 | WARNING  | src.core.asr_engine:transcribe:114 | 模型未加载，无法识别
2026-06-03 16:54:13.772 | INFO     | src.utils.logger:setup_logger:31 | 日志系统初始化完成
2026-06-03 16:54:13.772 | INFO     | src.main:main:40 | ============================================================
2026-06-03 16:54:13.772 | INFO     | src.main:main:41 | Translator InTime v0.1.0 启动
2026-06-03 16:54:13.772 | INFO     | src.main:main:42 | 实时游戏语音双向翻译系统
2026-06-03 16:54:13.772 | INFO     | src.main:main:43 | ============================================================
2026-06-03 16:54:14.015 | INFO     | src.main:main:67 | GUI 已启动
2026-06-03 16:54:16.038 | INFO     | src.core.translator:_init_client:87 | 翻译策略: microsoft (降级: google)
2026-06-03 16:54:16.039 | INFO     | src.core.pipeline:initialize:87 | 初始化翻译管道...
2026-06-03 16:54:16.064 | INFO     | src.audio.virtual_device:_linux_create_speaker:60 | 虚拟音频设备 'translator_virtual' 已存在
2026-06-03 16:54:16.065 | INFO     | src.audio.virtual_device:_linux_create_mic_monitor:84 | Monitor 源自动可用: translator_virtual_sink.monitor
2026-06-03 16:54:16.066 | INFO     | src.core.pipeline:initialize:93 | 下载/加载 Whisper 模型（首次需下载 ~140MB）...
2026-06-03 16:54:16.067 | INFO     | src.core.asr_engine:load_model:40 | 加载 Whisper 模型: faster-whisper-small, device=cpu
2026-06-03 16:54:16.070 | INFO     | src.core.asr_engine:load_model:63 |   尝试本地: /home/fiend/WorkSpace/python/translator_intime/models/systran/faster-whisper-small
2026-06-03 16:54:16.854 | INFO     | src.core.asr_engine:load_model:68 | Whisper 模型加载成功 ✓
2026-06-03 16:54:16.854 | INFO     | src.core.asr_engine:load_model:40 | 加载 Whisper 模型: faster-whisper-small, device=cpu
2026-06-03 16:54:16.855 | INFO     | src.core.asr_engine:load_model:63 |   尝试本地: /home/fiend/WorkSpace/python/translator_intime/models/systran/faster-whisper-small
2026-06-03 16:54:17.574 | INFO     | src.core.asr_engine:load_model:68 | Whisper 模型加载成功 ✓
2026-06-03 16:54:17.574 | INFO     | src.audio.stream:find_device_by_name:75 | PortAudio 未找到 'translator_virtual_sink'，尝试 PulseAudio 设备名
2026-06-03 16:54:17.574 | INFO     | src.core.pipeline:initialize:116 | TTS输出: 虚拟设备 translator_virtual_sink
2026-06-03 16:54:17.574 | INFO     | src.core.pipeline:initialize:122 | 翻译管道初始化完成
2026-06-03 16:54:17.586 | INFO     | src.audio.stream:open_input:107 | 音频输入流已打开 (device=None, sr=16000)
2026-06-03 16:54:17.917 | INFO     | src.audio.stream:open_input:107 | 音频输入流已打开 (device=None, sr=16000)
2026-06-03 16:54:17.918 | INFO     | src.core.pipeline:start:165 | ✅ 双向翻译管道已启动
2026-06-03 16:54:17.918 | INFO     | src.core.pipeline:_outbound_loop:191 | 出站管道(中->外) 启动
2026-06-03 16:54:17.970 | INFO     | src.core.pipeline:_inbound_loop:271 | 入站管道(外->中) 启动
2026-06-03 16:54:23.260 | DEBUG    | src.core.asr_engine:transcribe:141 | ASR: Wee wee
2026-06-03 16:54:25.426 | DEBUG    | src.core.translator:_translate_microsoft:344 | [Microsoft] Wee wee... -> Wee wee...
2026-06-03 16:54:26.564 | DEBUG    | src.core.tts_engine:_synthesize_edge_tts:70 | TTS合成完成: Wee wee...
2026-06-03 16:54:26.578 | WARNING  | src.core.tts_engine:_play_audio_file:90 | 指定设备不可用 (translator_virtual_sink): No output device matching 'translator_virtual_sink'，使用系统默认设备播放
2026-06-03 16:54:41.327 | DEBUG    | src.core.asr_engine:transcribe:141 | ASR: You
2026-06-03 16:54:45.541 | DEBUG    | src.core.asr_engine:transcribe:141 | ASR: neo
2026-06-03 16:54:46.329 | WARNING  | src.core.translator:translate:184 | 翻译超时 (microsoft, 5s)，切换后端
2026-06-03 16:54:46.527 | DEBUG    | src.core.translator:_translate_microsoft:344 | [Microsoft] neo... -> NEO...
2026-06-03 16:54:47.385 | DEBUG    | src.core.translator:_translate_google:357 | [Google] You... -> 你...
2026-06-03 16:54:47.385 | INFO     | src.core.translator:translate:180 | 翻译后端已切换到: google
2026-06-03 16:54:47.394 | DEBUG    | src.core.tts_engine:_synthesize_edge_tts:70 | TTS合成完成: NEO...
2026-06-03 16:54:47.396 | WARNING  | src.core.tts_engine:_play_audio_file:90 | 指定设备不可用 (translator_virtual_sink): No output device matching 'translator_virtual_sink'，使用系统默认设备播放
2026-06-03 16:54:49.903 | DEBUG    | src.core.tts_engine:_synthesize_edge_tts:70 | TTS合成完成: 你...
2026-06-03 16:54:49.907 | WARNING  | src.core.tts_engine:_play_audio_file:90 | 指定设备不可用 (translator_virtual_sink): No output device matching 'translator_virtual_sink'，使用系统默认设备播放
2026-06-03 16:54:53.633 | DEBUG    | src.core.asr_engine:transcribe:141 | ASR: Don't you know?
2026-06-03 16:54:55.796 | DEBUG    | src.core.translator:_translate_google:357 | [Google] Don't you know?... -> 你不知道吗？...
2026-06-03 16:54:56.816 | DEBUG    | src.core.tts_engine:_synthesize_edge_tts:70 | TTS合成完成: 你不知道吗？...
2026-06-03 16:54:56.823 | WARNING  | src.core.tts_engine:_play_audio_file:90 | 指定设备不可用 (translator_virtual_sink): No output device matching 'translator_virtual_sink'，使用系统默认设备播放
2026-06-03 16:55:00.192 | DEBUG    | src.core.asr_engine:transcribe:141 | ASR: 字幕by索兰娅
2026-06-03 16:55:00.792 | DEBUG    | src.core.translator:_translate_google:357 | [Google] 字幕by索兰娅... -> Subtitles by Solanya...
2026-06-03 16:55:01.637 | DEBUG    | src.core.tts_engine:_synthesize_edge_tts:70 | TTS合成完成: Subtitles by Solanya...
2026-06-03 16:55:01.645 | WARNING  | src.core.tts_engine:_play_audio_file:90 | 指定设备不可用 (translator_virtual_sink): No output device matching 'translator_virtual_sink'，使用系统默认设备播放
2026-06-03 16:55:11.616 | DEBUG    | src.core.asr_engine:transcribe:141 | ASR: 测试
2026-06-03 16:55:12.016 | DEBUG    | src.core.translator:_translate_google:357 | [Google] 测试... -> test...
2026-06-03 16:55:12.859 | DEBUG    | src.core.tts_engine:_synthesize_edge_tts:70 | TTS合成完成: test...
2026-06-03 16:55:12.866 | WARNING  | src.core.tts_engine:_play_audio_file:90 | 指定设备不可用 (translator_virtual_sink): No output device matching 'translator_virtual_sink'，使用系统默认设备播放
2026-06-03 16:55:17.864 | DEBUG    | src.core.asr_engine:transcribe:141 | ASR: 能听到
2026-06-03 16:55:19.601 | DEBUG    | src.core.asr_engine:transcribe:141 | ASR: That's all for this video, thanks for watching and I'll see you in the next video.
2026-06-03 16:55:20.142 | DEBUG    | src.core.translator:_translate_google:357 | [Google] 能听到... -> can hear...
2026-06-03 16:55:20.573 | DEBUG    | src.core.translator:_translate_google:357 | [Google] That's all for this video, tha... -> 这就是本视频的全部内容，感谢您的观看，我们下一个视频见。...
2026-06-03 16:55:20.659 | DEBUG    | src.core.tts_engine:_synthesize_edge_tts:70 | TTS合成完成: can hear...
2026-06-03 16:55:20.665 | WARNING  | src.core.tts_engine:_play_audio_file:90 | 指定设备不可用 (translator_virtual_sink): No output device matching 'translator_virtual_sink'，使用系统默认设备播放
2026-06-03 16:55:23.652 | DEBUG    | src.core.tts_engine:_synthesize_edge_tts:70 | TTS合成完成: 这就是本视频的全部内容，感谢您的观看，我们下一个视频见。...
2026-06-03 16:55:23.659 | WARNING  | src.core.tts_engine:_play_audio_file:90 | 指定设备不可用 (translator_virtual_sink): No output device matching 'translator_virtual_sink'，使用系统默认设备播放
2026-06-03 16:55:33.128 | DEBUG    | src.core.asr_engine:transcribe:141 | ASR: 字幕by索兰娅
2026-06-03 16:55:33.129 | INFO     | src.main:cleanup:57 | 收到退出信号，正在清理...
2026-06-03 17:00:10.742 | INFO     | src.utils.logger:setup_logger:31 | 日志系统初始化完成
2026-06-03 17:00:10.742 | INFO     | src.main:main:40 | ============================================================
2026-06-03 17:00:10.742 | INFO     | src.main:main:41 | Translator InTime v0.1.0 启动
2026-06-03 17:00:10.742 | INFO     | src.main:main:42 | 实时游戏语音双向翻译系统
2026-06-03 17:00:10.742 | INFO     | src.main:main:43 | ============================================================
2026-06-03 17:00:10.970 | INFO     | src.main:main:67 | GUI 已启动
2026-06-03 17:00:12.421 | INFO     | src.core.translator:_init_client:87 | 翻译策略: microsoft (降级: google)
2026-06-03 17:00:12.422 | INFO     | src.core.pipeline:initialize:87 | 初始化翻译管道...
2026-06-03 17:00:12.445 | INFO     | src.audio.virtual_device:_linux_create_speaker:60 | 虚拟音频设备 'translator_virtual' 已存在
2026-06-03 17:00:12.445 | INFO     | src.audio.virtual_device:_linux_create_mic_monitor:84 | Monitor 源自动可用: translator_virtual_sink.monitor
2026-06-03 17:00:12.446 | INFO     | src.core.pipeline:initialize:93 | 下载/加载 Whisper 模型（首次需下载 ~140MB）...
2026-06-03 17:00:12.446 | INFO     | src.core.asr_engine:load_model:40 | 加载 Whisper 模型: faster-whisper-small, device=cpu
2026-06-03 17:00:12.448 | INFO     | src.core.asr_engine:load_model:63 |   尝试本地: /home/fiend/WorkSpace/python/translator_intime/models/systran/faster-whisper-small
2026-06-03 17:00:13.215 | INFO     | src.core.asr_engine:load_model:68 | Whisper 模型加载成功 ✓
2026-06-03 17:00:13.216 | INFO     | src.core.asr_engine:load_model:40 | 加载 Whisper 模型: faster-whisper-small, device=cpu
2026-06-03 17:00:13.216 | INFO     | src.core.asr_engine:load_model:63 |   尝试本地: /home/fiend/WorkSpace/python/translator_intime/models/systran/faster-whisper-small
2026-06-03 17:00:13.871 | INFO     | src.core.asr_engine:load_model:68 | Whisper 模型加载成功 ✓
2026-06-03 17:00:13.872 | INFO     | src.core.pipeline:initialize:110 | TTS输出: 系统默认扬声器
2026-06-03 17:00:13.872 | INFO     | src.core.pipeline:initialize:112 | 翻译管道初始化完成
2026-06-03 17:00:13.882 | INFO     | src.audio.stream:open_input:107 | 音频输入流已打开 (device=None, sr=16000)
2026-06-03 17:00:13.883 | INFO     | src.core.pipeline:start:151 | 未配置游戏声音捕获设备，仅启用出站翻译（你说→外）
2026-06-03 17:00:13.883 | ERROR    | src.gui.main_window:_on_error:297 | 管道错误: 'NoneType' object has no attribute 'device'
2026-06-03 17:00:27.150 | INFO     | src.core.translator:_init_client:87 | 翻译策略: microsoft (降级: google)
2026-06-03 17:00:27.151 | INFO     | src.core.pipeline:initialize:87 | 初始化翻译管道...
2026-06-03 17:00:27.192 | INFO     | src.audio.virtual_device:_linux_create_speaker:60 | 虚拟音频设备 'translator_virtual' 已存在
2026-06-03 17:00:27.192 | INFO     | src.audio.virtual_device:_linux_create_mic_monitor:84 | Monitor 源自动可用: translator_virtual_sink.monitor
2026-06-03 17:00:27.192 | INFO     | src.core.pipeline:initialize:93 | 下载/加载 Whisper 模型（首次需下载 ~140MB）...
2026-06-03 17:00:27.193 | INFO     | src.core.asr_engine:load_model:40 | 加载 Whisper 模型: faster-whisper-small, device=cpu
2026-06-03 17:00:27.194 | INFO     | src.core.asr_engine:load_model:63 |   尝试本地: /home/fiend/WorkSpace/python/translator_intime/models/systran/faster-whisper-small
2026-06-03 17:00:27.817 | INFO     | src.core.asr_engine:load_model:68 | Whisper 模型加载成功 ✓
2026-06-03 17:00:27.817 | INFO     | src.core.asr_engine:load_model:40 | 加载 Whisper 模型: faster-whisper-small, device=cpu
2026-06-03 17:00:27.818 | INFO     | src.core.asr_engine:load_model:63 |   尝试本地: /home/fiend/WorkSpace/python/translator_intime/models/systran/faster-whisper-small
2026-06-03 17:00:28.423 | INFO     | src.core.asr_engine:load_model:68 | Whisper 模型加载成功 ✓
2026-06-03 17:00:28.423 | INFO     | src.core.pipeline:initialize:110 | TTS输出: 系统默认扬声器
2026-06-03 17:00:28.423 | INFO     | src.core.pipeline:initialize:112 | 翻译管道初始化完成
2026-06-03 17:00:28.439 | INFO     | src.audio.stream:open_input:107 | 音频输入流已打开 (device=None, sr=16000)
2026-06-03 17:00:28.439 | INFO     | src.core.pipeline:start:151 | 未配置游戏声音捕获设备，仅启用出站翻译（你说→外）
2026-06-03 17:00:28.439 | ERROR    | src.gui.main_window:_on_error:297 | 管道错误: 'NoneType' object has no attribute 'device'
2026-06-03 17:01:24.200 | INFO     | src.main:cleanup:57 | 收到退出信号，正在清理...
2026-06-03 17:01:26.776 | INFO     | src.utils.logger:setup_logger:31 | 日志系统初始化完成
2026-06-03 17:01:26.777 | INFO     | src.main:main:40 | ============================================================
2026-06-03 17:01:26.777 | INFO     | src.main:main:41 | Translator InTime v0.1.0 启动
2026-06-03 17:01:26.777 | INFO     | src.main:main:42 | 实时游戏语音双向翻译系统
2026-06-03 17:01:26.777 | INFO     | src.main:main:43 | ============================================================
2026-06-03 17:01:27.005 | INFO     | src.main:main:67 | GUI 已启动
2026-06-03 17:01:28.221 | INFO     | src.core.translator:_init_client:87 | 翻译策略: microsoft (降级: google)
2026-06-03 17:01:28.222 | INFO     | src.core.pipeline:initialize:87 | 初始化翻译管道...
2026-06-03 17:01:28.250 | INFO     | src.audio.virtual_device:_linux_create_speaker:60 | 虚拟音频设备 'translator_virtual' 已存在
2026-06-03 17:01:28.251 | INFO     | src.audio.virtual_device:_linux_create_mic_monitor:84 | Monitor 源自动可用: translator_virtual_sink.monitor
2026-06-03 17:01:28.251 | INFO     | src.core.pipeline:initialize:93 | 下载/加载 Whisper 模型（首次需下载 ~140MB）...
2026-06-03 17:01:28.252 | INFO     | src.core.asr_engine:load_model:40 | 加载 Whisper 模型: faster-whisper-small, device=cpu
2026-06-03 17:01:28.254 | INFO     | src.core.asr_engine:load_model:63 |   尝试本地: /home/fiend/WorkSpace/python/translator_intime/models/systran/faster-whisper-small
2026-06-03 17:01:28.501 | INFO     | src.core.asr_engine:load_model:82 |   下载: https://hf-mirror.com
2026-06-03 17:01:29.670 | INFO     | src.core.asr_engine:load_model:82 |   下载: https://huggingface.co
2026-06-03 17:01:30.173 | ERROR    | src.core.asr_engine:load_model:91 | 模型下载失败。国内用户可用 ModelScope:
  pip install modelscope
  python -c "from modelscope import snapshot_download; snapshot_download('systran/faster-whisper-small', cache_dir='./models')"
然后重新启动 python run.py
2026-06-03 17:01:30.174 | ERROR    | src.core.pipeline:initialize:96 | ASR 模型加载失败！翻译功能不可用。如 HuggingFace 不可访问，设置环境变量后重试:
  export HF_ENDPOINT=https://hf-mirror.com
  python run.py
2026-06-03 17:01:30.174 | INFO     | src.core.pipeline:initialize:110 | TTS输出: 系统默认扬声器
2026-06-03 17:01:30.174 | INFO     | src.core.pipeline:initialize:112 | 翻译管道初始化完成
2026-06-03 17:01:30.212 | INFO     | src.audio.stream:open_input:107 | 音频输入流已打开 (device=None, sr=16000)
2026-06-03 17:01:30.213 | INFO     | src.core.pipeline:start:151 | 未配置游戏声音捕获设备，仅启用出站翻译（你说→外）
2026-06-03 17:01:30.213 | INFO     | src.core.pipeline:start:163 | ✅ 出站翻译管道已启动（你说→外语）
2026-06-03 17:01:30.213 | INFO     | src.core.pipeline:start:165 | ✅ 双向翻译管道已启动
2026-06-03 17:01:30.213 | INFO     | src.core.pipeline:_outbound_loop:191 | 出站管道(中->外) 启动
2026-06-03 17:01:33.582 | WARNING  | src.core.asr_engine:transcribe:120 | 模型未加载，无法识别
2026-06-03 17:01:36.814 | WARNING  | src.core.asr_engine:transcribe:120 | 模型未加载，无法识别
2026-06-03 17:01:40.132 | WARNING  | src.core.asr_engine:transcribe:120 | 模型未加载，无法识别
2026-06-03 17:01:43.358 | WARNING  | src.core.asr_engine:transcribe:120 | 模型未加载，无法识别
2026-06-03 17:01:46.606 | WARNING  | src.core.asr_engine:transcribe:120 | 模型未加载，无法识别
2026-06-03 17:03:14.622 | INFO     | src.utils.logger:setup_logger:31 | 日志系统初始化完成
2026-06-03 17:03:14.622 | INFO     | src.main:main:40 | ============================================================
2026-06-03 17:03:14.622 | INFO     | src.main:main:41 | Translator InTime v0.1.0 启动
2026-06-03 17:03:14.622 | INFO     | src.main:main:42 | 实时游戏语音双向翻译系统
2026-06-03 17:03:14.622 | INFO     | src.main:main:43 | ============================================================
2026-06-03 17:03:14.855 | INFO     | src.main:main:67 | GUI 已启动
2026-06-03 17:03:16.122 | INFO     | src.core.translator:_init_client:87 | 翻译策略: microsoft (降级: google)
2026-06-03 17:03:16.123 | INFO     | src.core.pipeline:initialize:87 | 初始化翻译管道...
2026-06-03 17:03:16.150 | INFO     | src.audio.virtual_device:_linux_create_speaker:60 | 虚拟音频设备 'translator_virtual' 已存在
2026-06-03 17:03:16.150 | INFO     | src.audio.virtual_device:_linux_create_mic_monitor:84 | Monitor 源自动可用: translator_virtual_sink.monitor
2026-06-03 17:03:16.150 | INFO     | src.core.pipeline:initialize:93 | 下载/加载 Whisper 模型（首次需下载 ~140MB）...
2026-06-03 17:03:16.151 | INFO     | src.core.asr_engine:load_model:40 | 加载 Whisper 模型: faster-whisper-small, device=cpu
2026-06-03 17:03:16.153 | INFO     | src.core.asr_engine:load_model:63 |   尝试本地: /home/fiend/WorkSpace/python/translator_intime/models/systran/faster-whisper-small
2026-06-03 17:03:16.388 | WARNING  | src.core.asr_engine:load_model:71 |   本地加载失败: Requested float16 compute type, but the target device or backend do not support efficient float16 computation.
2026-06-03 17:03:16.388 | INFO     | src.core.asr_engine:load_model:82 |   下载: https://hf-mirror.com
2026-06-03 17:03:17.628 | INFO     | src.core.asr_engine:load_model:82 |   下载: https://huggingface.co
2026-06-03 17:03:18.160 | ERROR    | src.core.asr_engine:load_model:91 | 模型下载失败。国内用户可用 ModelScope:
  pip install modelscope
  python -c "from modelscope import snapshot_download; snapshot_download('systran/faster-whisper-small', cache_dir='./models')"
然后重新启动 python run.py
2026-06-03 17:03:18.161 | ERROR    | src.core.pipeline:initialize:96 | ASR 模型加载失败！翻译功能不可用。如 HuggingFace 不可访问，设置环境变量后重试:
  export HF_ENDPOINT=https://hf-mirror.com
  python run.py
2026-06-03 17:03:18.161 | INFO     | src.core.pipeline:initialize:110 | TTS输出: 系统默认扬声器
2026-06-03 17:03:18.162 | INFO     | src.core.pipeline:initialize:112 | 翻译管道初始化完成
2026-06-03 17:03:18.202 | INFO     | src.audio.stream:open_input:107 | 音频输入流已打开 (device=None, sr=16000)
2026-06-03 17:03:18.202 | INFO     | src.core.pipeline:start:151 | 未配置游戏声音捕获设备，仅启用出站翻译（你说→外）
2026-06-03 17:03:18.203 | INFO     | src.core.pipeline:start:163 | ✅ 出站翻译管道已启动（你说→外语）
2026-06-03 17:03:18.203 | INFO     | src.core.pipeline:start:165 | ✅ 双向翻译管道已启动
2026-06-03 17:03:18.203 | INFO     | src.core.pipeline:_outbound_loop:191 | 出站管道(中->外) 启动
2026-06-03 17:03:21.509 | WARNING  | src.core.asr_engine:transcribe:120 | 模型未加载，无法识别
2026-06-03 17:04:07.845 | INFO     | src.utils.logger:setup_logger:31 | 日志系统初始化完成
2026-06-03 17:04:07.845 | INFO     | src.main:main:40 | ============================================================
2026-06-03 17:04:07.845 | INFO     | src.main:main:41 | Translator InTime v0.1.0 启动
2026-06-03 17:04:07.845 | INFO     | src.main:main:42 | 实时游戏语音双向翻译系统
2026-06-03 17:04:07.845 | INFO     | src.main:main:43 | ============================================================
2026-06-03 17:04:08.085 | INFO     | src.main:main:67 | GUI 已启动
2026-06-03 17:04:09.989 | INFO     | src.core.translator:_init_client:87 | 翻译策略: microsoft (降级: google)
2026-06-03 17:04:09.989 | INFO     | src.core.pipeline:initialize:87 | 初始化翻译管道...
2026-06-03 17:04:09.999 | INFO     | src.audio.virtual_device:_linux_create_speaker:60 | 虚拟音频设备 'translator_virtual' 已存在
2026-06-03 17:04:10.000 | INFO     | src.audio.virtual_device:_linux_create_mic_monitor:84 | Monitor 源自动可用: translator_virtual_sink.monitor
2026-06-03 17:04:10.000 | INFO     | src.core.pipeline:initialize:93 | 下载/加载 Whisper 模型（首次需下载 ~140MB）...
2026-06-03 17:04:10.000 | INFO     | src.core.asr_engine:load_model:40 | 加载 Whisper 模型: faster-whisper-small, device=cpu
2026-06-03 17:04:10.001 | INFO     | src.core.asr_engine:load_model:64 |   尝试本地: /home/fiend/WorkSpace/python/translator_intime/models/systran/faster-whisper-small (compute=float16)
2026-06-03 17:04:10.227 | INFO     | src.core.asr_engine:load_model:64 |   尝试本地: /home/fiend/WorkSpace/python/translator_intime/models/systran/faster-whisper-small (compute=int8)
2026-06-03 17:04:10.863 | INFO     | src.core.asr_engine:load_model:69 | Whisper 模型加载成功 ✓
2026-06-03 17:04:10.863 | INFO     | src.core.asr_engine:load_model:40 | 加载 Whisper 模型: faster-whisper-small, device=cpu
2026-06-03 17:04:10.863 | INFO     | src.core.asr_engine:load_model:64 |   尝试本地: /home/fiend/WorkSpace/python/translator_intime/models/systran/faster-whisper-small (compute=float16)
2026-06-03 17:04:11.025 | INFO     | src.core.asr_engine:load_model:64 |   尝试本地: /home/fiend/WorkSpace/python/translator_intime/models/systran/faster-whisper-small (compute=int8)
2026-06-03 17:04:11.613 | INFO     | src.core.asr_engine:load_model:69 | Whisper 模型加载成功 ✓
2026-06-03 17:04:11.613 | INFO     | src.core.pipeline:initialize:110 | TTS输出: 系统默认扬声器
2026-06-03 17:04:11.613 | INFO     | src.core.pipeline:initialize:112 | 翻译管道初始化完成
2026-06-03 17:04:11.625 | INFO     | src.audio.stream:open_input:107 | 音频输入流已打开 (device=None, sr=16000)
2026-06-03 17:04:11.625 | INFO     | src.core.pipeline:start:151 | 未配置游戏声音捕获设备，仅启用出站翻译（你说→外）
2026-06-03 17:04:11.625 | INFO     | src.core.pipeline:start:163 | ✅ 出站翻译管道已启动（你说→外语）
2026-06-03 17:04:11.626 | INFO     | src.core.pipeline:start:165 | ✅ 双向翻译管道已启动
2026-06-03 17:04:11.626 | INFO     | src.core.pipeline:_outbound_loop:191 | 出站管道(中->外) 启动
2026-06-03 17:05:23.534 | INFO     | src.utils.logger:setup_logger:31 | 日志系统初始化完成
2026-06-03 17:05:23.534 | INFO     | src.main:main:40 | ============================================================
2026-06-03 17:05:23.534 | INFO     | src.main:main:41 | Translator InTime v0.1.0 启动
2026-06-03 17:05:23.534 | INFO     | src.main:main:42 | 实时游戏语音双向翻译系统
2026-06-03 17:05:23.534 | INFO     | src.main:main:43 | ============================================================
2026-06-03 17:05:23.765 | INFO     | src.main:main:67 | GUI 已启动
2026-06-03 17:05:24.870 | INFO     | src.core.translator:_init_client:87 | 翻译策略: microsoft (降级: google)
2026-06-03 17:05:24.870 | INFO     | src.core.pipeline:initialize:87 | 初始化翻译管道...
2026-06-03 17:05:24.881 | INFO     | src.audio.virtual_device:_linux_create_speaker:60 | 虚拟音频设备 'translator_virtual' 已存在
2026-06-03 17:05:24.881 | INFO     | src.audio.virtual_device:_linux_create_mic_monitor:84 | Monitor 源自动可用: translator_virtual_sink.monitor
2026-06-03 17:05:24.881 | INFO     | src.core.pipeline:initialize:93 | 下载/加载 Whisper 模型（首次需下载 ~140MB）...
2026-06-03 17:05:24.881 | INFO     | src.core.asr_engine:load_model:40 | 加载 Whisper 模型: faster-whisper-small, device=cpu
2026-06-03 17:05:24.882 | INFO     | src.core.asr_engine:load_model:64 |   尝试本地: /home/fiend/WorkSpace/python/translator_intime/models/systran/faster-whisper-small (compute=float16)
2026-06-03 17:05:25.101 | INFO     | src.core.asr_engine:load_model:64 |   尝试本地: /home/fiend/WorkSpace/python/translator_intime/models/systran/faster-whisper-small (compute=int8)
2026-06-03 17:05:25.731 | INFO     | src.core.asr_engine:load_model:69 | Whisper 模型加载成功 ✓
2026-06-03 17:05:25.731 | INFO     | src.core.asr_engine:load_model:40 | 加载 Whisper 模型: faster-whisper-small, device=cpu
2026-06-03 17:05:25.732 | INFO     | src.core.asr_engine:load_model:64 |   尝试本地: /home/fiend/WorkSpace/python/translator_intime/models/systran/faster-whisper-small (compute=float16)
2026-06-03 17:05:25.889 | INFO     | src.core.asr_engine:load_model:64 |   尝试本地: /home/fiend/WorkSpace/python/translator_intime/models/systran/faster-whisper-small (compute=int8)
2026-06-03 17:05:26.461 | INFO     | src.core.asr_engine:load_model:69 | Whisper 模型加载成功 ✓
2026-06-03 17:05:26.461 | INFO     | src.core.pipeline:initialize:110 | TTS输出: 系统默认扬声器
2026-06-03 17:05:26.461 | INFO     | src.core.pipeline:initialize:112 | 翻译管道初始化完成
2026-06-03 17:05:26.472 | INFO     | src.audio.stream:open_input:107 | 音频输入流已打开 (device=None, sr=16000)
2026-06-03 17:05:26.472 | INFO     | src.core.pipeline:start:151 | 未配置游戏声音捕获设备，仅启用出站翻译（你说→外）
2026-06-03 17:05:26.472 | INFO     | src.core.pipeline:start:163 | ✅ 出站翻译管道已启动（你说→外语）
2026-06-03 17:05:26.472 | INFO     | src.core.pipeline:start:165 | ✅ 双向翻译管道已启动
2026-06-03 17:05:26.472 | INFO     | src.core.pipeline:_outbound_loop:191 | 出站管道(中->外) 启动
2026-06-03 17:05:31.820 | DEBUG    | src.core.asr_engine:transcribe:146 | ASR: 字幕by索兰娅
2026-06-03 17:05:33.173 | DEBUG    | src.core.translator:_translate_microsoft:344 | [Microsoft] 字幕by索兰娅... -> Subtitled by Soranya...
2026-06-03 17:05:34.458 | DEBUG    | src.core.tts_engine:_synthesize_edge_tts:71 | TTS合成完成: Subtitled by Soranya...
2026-06-03 17:05:46.947 | DEBUG    | src.core.asr_engine:transcribe:146 | ASR: 你會做什麼
2026-06-03 17:05:47.938 | DEBUG    | src.core.translator:_translate_microsoft:344 | [Microsoft] 你會做什麼... -> What will you do...
2026-06-03 17:05:48.606 | DEBUG    | src.core.tts_engine:_synthesize_edge_tts:71 | TTS合成完成: What will you do...
2026-06-03 17:05:53.185 | DEBUG    | src.core.asr_engine:transcribe:146 | ASR: 你好
2026-06-03 17:05:54.043 | DEBUG    | src.core.translator:_translate_microsoft:344 | [Microsoft] 你好... -> Hello. ...
2026-06-03 17:05:54.678 | DEBUG    | src.core.tts_engine:_synthesize_edge_tts:71 | TTS合成完成: Hello. ...
2026-06-03 17:06:01.570 | DEBUG    | src.core.asr_engine:transcribe:146 | ASR: 今晚
2026-06-03 17:06:02.452 | DEBUG    | src.core.translator:_translate_microsoft:344 | [Microsoft] 今晚... -> Tonight...
2026-06-03 17:06:03.065 | DEBUG    | src.core.tts_engine:_synthesize_edge_tts:71 | TTS合成完成: Tonight...
2026-06-03 17:06:06.778 | DEBUG    | src.core.asr_engine:transcribe:146 | ASR: 等你听到我说
2026-06-03 17:06:07.761 | DEBUG    | src.core.translator:_translate_microsoft:344 | [Microsoft] 等你听到我说... -> When you hear me say...
2026-06-03 17:06:08.818 | DEBUG    | src.core.tts_engine:_synthesize_edge_tts:71 | TTS合成完成: When you hear me say...
2026-06-03 17:17:00.051 | INFO     | src.main:cleanup:57 | 收到退出信号，正在清理...
2026-06-03 17:17:03.582 | INFO     | src.utils.logger:setup_logger:31 | 日志系统初始化完成
2026-06-03 17:17:03.582 | INFO     | src.main:main:40 | ============================================================
2026-06-03 17:17:03.582 | INFO     | src.main:main:41 | Translator InTime v0.1.0 启动
2026-06-03 17:17:03.582 | INFO     | src.main:main:42 | 实时游戏语音双向翻译系统
2026-06-03 17:17:03.582 | INFO     | src.main:main:43 | ============================================================
2026-06-03 17:17:03.807 | INFO     | src.main:main:67 | GUI 已启动
2026-06-03 17:17:07.081 | INFO     | src.core.translator:_init_client:87 | 翻译策略: microsoft (降级: google)
2026-06-03 17:17:07.082 | INFO     | src.core.pipeline:initialize:87 | 初始化翻译管道...
2026-06-03 17:17:07.110 | INFO     | src.audio.virtual_device:_linux_create_speaker:60 | 虚拟音频设备 'translator_virtual' 已存在
2026-06-03 17:17:07.110 | INFO     | src.audio.virtual_device:_linux_create_mic_monitor:84 | Monitor 源自动可用: translator_virtual_sink.monitor
2026-06-03 17:17:07.111 | INFO     | src.core.pipeline:initialize:93 | 下载/加载 Whisper 模型（首次需下载 ~140MB）...
2026-06-03 17:17:07.111 | INFO     | src.core.asr_engine:load_model:41 | 加载 Whisper 模型: faster-whisper-small, device=cpu
2026-06-03 17:17:07.113 | INFO     | src.core.asr_engine:load_model:65 |   尝试本地: /home/fiend/WorkSpace/python/translator_intime/models/systran/faster-whisper-small (compute=float16)
2026-06-03 17:17:07.357 | INFO     | src.core.asr_engine:load_model:65 |   尝试本地: /home/fiend/WorkSpace/python/translator_intime/models/systran/faster-whisper-small (compute=int8)
2026-06-03 17:17:07.991 | INFO     | src.core.asr_engine:load_model:70 | Whisper 模型加载成功 ✓
2026-06-03 17:17:07.991 | INFO     | src.core.asr_engine:load_model:41 | 加载 Whisper 模型: faster-whisper-small, device=cpu
2026-06-03 17:17:07.991 | INFO     | src.core.asr_engine:load_model:65 |   尝试本地: /home/fiend/WorkSpace/python/translator_intime/models/systran/faster-whisper-small (compute=float16)
2026-06-03 17:17:08.150 | INFO     | src.core.asr_engine:load_model:65 |   尝试本地: /home/fiend/WorkSpace/python/translator_intime/models/systran/faster-whisper-small (compute=int8)
2026-06-03 17:17:08.714 | INFO     | src.core.asr_engine:load_model:70 | Whisper 模型加载成功 ✓
2026-06-03 17:17:08.714 | INFO     | src.core.pipeline:initialize:110 | TTS输出: 系统默认扬声器
2026-06-03 17:17:08.714 | INFO     | src.core.pipeline:initialize:112 | 翻译管道初始化完成
2026-06-03 17:17:08.726 | INFO     | src.audio.stream:open_input:107 | 音频输入流已打开 (device=None, sr=16000)
2026-06-03 17:17:08.726 | INFO     | src.core.pipeline:start:151 | 未配置游戏声音捕获设备，仅启用出站翻译（你说→外）
2026-06-03 17:17:08.727 | INFO     | src.core.pipeline:start:163 | ✅ 出站翻译管道已启动（你说→外语）
2026-06-03 17:17:08.727 | INFO     | src.core.pipeline:start:165 | ✅ 双向翻译管道已启动
2026-06-03 17:17:08.727 | INFO     | src.core.pipeline:_outbound_loop:191 | 出站管道(中->外) 启动
2026-06-03 17:17:32.193 | DEBUG    | src.core.asr_engine:transcribe:147 | ASR: 字幕by索兰娅
2026-06-03 17:17:33.883 | DEBUG    | src.core.translator:_translate_microsoft:344 | [Microsoft] 字幕by索兰娅... -> Subtitled by Soranya...
2026-06-03 17:17:34.833 | DEBUG    | src.core.tts_engine:_synthesize_edge_tts:71 | TTS合成完成: Subtitled by Soranya...
2026-06-03 17:17:39.263 | DEBUG    | src.core.asr_engine:transcribe:147 | ASR: 謝謝
2026-06-03 17:17:40.692 | DEBUG    | src.core.translator:_translate_microsoft:344 | [Microsoft] 謝謝... -> Thank you....
2026-06-03 17:17:45.158 | DEBUG    | src.core.tts_engine:_synthesize_edge_tts:71 | TTS合成完成: Thank you....
2026-06-03 17:18:08.632 | DEBUG    | src.core.asr_engine:transcribe:147 | ASR: 字幕by索兰娅
2026-06-03 17:18:10.234 | DEBUG    | src.core.translator:_translate_microsoft:344 | [Microsoft] 字幕by索兰娅... -> Subtitled by Soranya...
2026-06-03 17:18:11.114 | DEBUG    | src.core.tts_engine:_synthesize_edge_tts:71 | TTS合成完成: Subtitled by Soranya...
2026-06-03 17:18:15.482 | DEBUG    | src.core.asr_engine:transcribe:147 | ASR: 字幕by索兰娅
2026-06-03 17:18:16.511 | DEBUG    | src.core.translator:_translate_microsoft:344 | [Microsoft] 字幕by索兰娅... -> Subtitled by Soranya...
2026-06-03 17:18:17.031 | DEBUG    | src.core.tts_engine:_synthesize_edge_tts:71 | TTS合成完成: Subtitled by Soranya...
2026-06-03 17:19:29.538 | DEBUG    | src.core.asr_engine:transcribe:147 | ASR: 字幕by索兰娅
2026-06-03 17:19:31.277 | DEBUG    | src.core.translator:_translate_microsoft:344 | [Microsoft] 字幕by索兰娅... -> Subtitled by Soranya...
2026-06-03 17:19:32.192 | DEBUG    | src.core.tts_engine:_synthesize_edge_tts:71 | TTS合成完成: Subtitled by Soranya...
2026-06-03 17:19:37.665 | DEBUG    | src.core.asr_engine:transcribe:147 | ASR: 字幕by索兰娅
2026-06-03 17:19:38.644 | DEBUG    | src.core.translator:_translate_microsoft:344 | [Microsoft] 字幕by索兰娅... -> Subtitled by Soranya...
2026-06-03 17:19:39.135 | DEBUG    | src.core.tts_engine:_synthesize_edge_tts:71 | TTS合成完成: Subtitled by Soranya...
2026-06-03 18:54:48.740 | INFO     | src.utils.logger:setup_logger:31 | 日志系统初始化完成
2026-06-03 18:54:48.740 | INFO     | src.main:main:40 | ============================================================
2026-06-03 18:54:48.740 | INFO     | src.main:main:41 | Translator InTime v0.1.0 启动
2026-06-03 18:54:48.740 | INFO     | src.main:main:42 | 实时游戏语音双向翻译系统
2026-06-03 18:54:48.740 | INFO     | src.main:main:43 | ============================================================
2026-06-03 18:54:49.064 | INFO     | src.main:main:67 | GUI 已启动
2026-06-03 18:54:57.900 | INFO     | src.core.translator:_init_client:87 | 翻译策略: microsoft (降级: google)
2026-06-03 18:54:57.901 | INFO     | src.core.pipeline:initialize:87 | 初始化翻译管道...
2026-06-03 18:54:57.911 | INFO     | src.audio.virtual_device:_linux_create_speaker:60 | 虚拟音频设备 'translator_virtual' 已存在
2026-06-03 18:54:57.912 | INFO     | src.audio.virtual_device:_linux_create_mic_monitor:84 | Monitor 源自动可用: translator_virtual_sink.monitor
2026-06-03 18:54:57.912 | INFO     | src.core.pipeline:initialize:93 | 下载/加载 Whisper 模型（首次需下载 ~140MB）...
2026-06-03 18:54:57.912 | INFO     | src.core.asr_engine:load_model:42 | 加载 Whisper 模型: faster-whisper-small, device=cpu
2026-06-03 18:54:57.913 | INFO     | src.core.asr_engine:load_model:66 |   尝试本地: /home/fiend/WorkSpace/python/translator_intime/models/systran/faster-whisper-small (compute=float16)
2026-06-03 18:54:58.196 | INFO     | src.core.asr_engine:load_model:66 |   尝试本地: /home/fiend/WorkSpace/python/translator_intime/models/systran/faster-whisper-small (compute=int8)
2026-06-03 18:54:59.099 | INFO     | src.core.asr_engine:load_model:71 | Whisper 模型加载成功 ✓
2026-06-03 18:54:59.099 | INFO     | src.core.asr_engine:load_model:42 | 加载 Whisper 模型: faster-whisper-small, device=cpu
2026-06-03 18:54:59.099 | INFO     | src.core.asr_engine:load_model:66 |   尝试本地: /home/fiend/WorkSpace/python/translator_intime/models/systran/faster-whisper-small (compute=float16)
2026-06-03 18:54:59.298 | INFO     | src.core.asr_engine:load_model:66 |   尝试本地: /home/fiend/WorkSpace/python/translator_intime/models/systran/faster-whisper-small (compute=int8)
2026-06-03 18:55:00.105 | INFO     | src.core.asr_engine:load_model:71 | Whisper 模型加载成功 ✓
2026-06-03 18:55:00.106 | INFO     | src.core.pipeline:initialize:110 | TTS输出: 系统默认扬声器
2026-06-03 18:55:00.106 | INFO     | src.core.pipeline:initialize:112 | 翻译管道初始化完成
2026-06-03 18:55:00.129 | INFO     | src.audio.stream:open_input:107 | 音频输入流已打开 (device=None, sr=16000)
2026-06-03 18:55:00.129 | INFO     | src.core.pipeline:start:151 | 未配置游戏声音捕获设备，仅启用出站翻译（你说→外）
2026-06-03 18:55:00.129 | INFO     | src.core.pipeline:start:163 | ✅ 出站翻译管道已启动（你说→外语）
2026-06-03 18:55:00.129 | INFO     | src.core.pipeline:start:165 | ✅ 双向翻译管道已启动
2026-06-03 18:55:00.129 | INFO     | src.core.pipeline:_outbound_loop:191 | 出站管道(中->外) 启动
2026-06-03 18:55:09.672 | DEBUG    | src.core.asr_engine:transcribe:169 | ASR: Thank you
2026-06-03 18:55:11.260 | DEBUG    | src.core.translator:_translate_microsoft:344 | [Microsoft] Thank you... -> Thank you!...
2026-06-03 18:55:12.126 | DEBUG    | src.core.tts_engine:_synthesize_edge_tts:71 | TTS合成完成: Thank you!...
2026-06-03 18:55:17.123 | DEBUG    | src.core.asr_engine:transcribe:169 | ASR: Thank you
2026-06-03 18:55:18.490 | DEBUG    | src.core.translator:_translate_microsoft:344 | [Microsoft] Thank you... -> Thank you!...
2026-06-03 18:55:19.039 | DEBUG    | src.core.tts_engine:_synthesize_edge_tts:71 | TTS合成完成: Thank you!...
2026-06-03 18:55:24.937 | DEBUG    | src.core.asr_engine:transcribe:169 | ASR: 字幕by索兰娅
2026-06-03 18:55:26.847 | DEBUG    | src.core.translator:_translate_microsoft:344 | [Microsoft] 字幕by索兰娅... -> Subtitled by Soranya...
2026-06-03 18:55:27.268 | DEBUG    | src.core.tts_engine:_synthesize_edge_tts:71 | TTS合成完成: Subtitled by Soranya...
2026-06-03 18:55:33.307 | DEBUG    | src.core.asr_engine:transcribe:169 | ASR: Thank you
2026-06-03 18:55:34.198 | DEBUG    | src.core.translator:_translate_microsoft:344 | [Microsoft] Thank you... -> Thank you!...
2026-06-03 18:55:34.650 | DEBUG    | src.core.tts_engine:_synthesize_edge_tts:71 | TTS合成完成: Thank you!...
2026-06-03 18:56:33.342 | DEBUG    | src.core.asr_engine:transcribe:169 | ASR: Wake Up
2026-06-03 18:56:34.690 | DEBUG    | src.core.translator:_translate_microsoft:344 | [Microsoft] Wake Up... -> Wake Up...
2026-06-03 18:56:35.490 | DEBUG    | src.core.tts_engine:_synthesize_edge_tts:71 | TTS合成完成: Wake Up...
2026-06-03 18:56:51.880 | INFO     | src.utils.logger:setup_logger:31 | 日志系统初始化完成
2026-06-03 18:56:51.880 | INFO     | src.main:main:40 | ============================================================
2026-06-03 18:56:51.880 | INFO     | src.main:main:41 | Translator InTime v0.1.0 启动
2026-06-03 18:56:51.880 | INFO     | src.main:main:42 | 实时游戏语音双向翻译系统
2026-06-03 18:56:51.880 | INFO     | src.main:main:43 | ============================================================
2026-06-03 18:56:52.140 | INFO     | src.main:main:67 | GUI 已启动
2026-06-03 18:56:54.280 | INFO     | src.core.translator:_init_client:87 | 翻译策略: microsoft (降级: google)
2026-06-03 18:56:54.280 | INFO     | src.core.pipeline:initialize:87 | 初始化翻译管道...
2026-06-03 18:56:54.287 | INFO     | src.audio.virtual_device:_linux_create_speaker:60 | 虚拟音频设备 'translator_virtual' 已存在
2026-06-03 18:56:54.287 | INFO     | src.audio.virtual_device:_linux_create_mic_monitor:84 | Monitor 源自动可用: translator_virtual_sink.monitor
2026-06-03 18:56:54.287 | INFO     | src.core.pipeline:initialize:93 | 下载/加载 Whisper 模型（首次需下载 ~140MB）...
2026-06-03 18:56:54.287 | INFO     | src.core.asr_engine:load_model:42 | 加载 Whisper 模型: faster-whisper-medium, device=cpu
2026-06-03 18:56:54.287 | INFO     | src.core.asr_engine:load_model:66 |   尝试本地: /home/fiend/WorkSpace/python/translator_intime/models/systran/faster-whisper-medium (compute=float16)
2026-06-03 18:56:54.993 | INFO     | src.core.asr_engine:load_model:66 |   尝试本地: /home/fiend/WorkSpace/python/translator_intime/models/systran/faster-whisper-medium (compute=int8)
2026-06-03 18:56:56.783 | INFO     | src.core.asr_engine:load_model:71 | Whisper 模型加载成功 ✓
2026-06-03 18:56:56.784 | INFO     | src.core.asr_engine:load_model:42 | 加载 Whisper 模型: faster-whisper-medium, device=cpu
2026-06-03 18:56:56.784 | INFO     | src.core.asr_engine:load_model:66 |   尝试本地: /home/fiend/WorkSpace/python/translator_intime/models/systran/faster-whisper-medium (compute=float16)
2026-06-03 18:56:57.228 | INFO     | src.core.asr_engine:load_model:66 |   尝试本地: /home/fiend/WorkSpace/python/translator_intime/models/systran/faster-whisper-medium (compute=int8)
2026-06-03 18:56:58.618 | INFO     | src.core.asr_engine:load_model:71 | Whisper 模型加载成功 ✓
2026-06-03 18:56:58.618 | INFO     | src.core.pipeline:initialize:110 | TTS输出: 系统默认扬声器
2026-06-03 18:56:58.618 | INFO     | src.core.pipeline:initialize:112 | 翻译管道初始化完成
2026-06-03 18:56:58.630 | INFO     | src.audio.stream:open_input:107 | 音频输入流已打开 (device=None, sr=16000)
2026-06-03 18:56:58.630 | INFO     | src.core.pipeline:start:151 | 未配置游戏声音捕获设备，仅启用出站翻译（你说→外）
2026-06-03 18:56:58.630 | INFO     | src.core.pipeline:start:163 | ✅ 出站翻译管道已启动（你说→外语）
2026-06-03 18:56:58.630 | INFO     | src.core.pipeline:start:165 | ✅ 双向翻译管道已启动
2026-06-03 18:56:58.630 | INFO     | src.core.pipeline:_outbound_loop:191 | 出站管道(中->外) 启动
2026-06-03 18:57:08.168 | DEBUG    | src.core.asr_engine:transcribe:169 | ASR: 有
2026-06-03 18:57:09.151 | DEBUG    | src.core.translator:_translate_microsoft:344 | [Microsoft] 有... -> With...
2026-06-03 18:57:09.713 | DEBUG    | src.core.tts_engine:_synthesize_edge_tts:71 | TTS合成完成: With...
2026-06-03 18:57:16.292 | DEBUG    | src.core.asr_engine:transcribe:169 | ASR: OK OK OK
2026-06-03 18:57:17.180 | DEBUG    | src.core.translator:_translate_microsoft:344 | [Microsoft] OK OK OK... -> Ok ok ok...
2026-06-03 18:57:18.512 | DEBUG    | src.core.tts_engine:_synthesize_edge_tts:71 | TTS合成完成: Ok ok ok...
2026-06-03 18:57:28.013 | DEBUG    | src.core.asr_engine:transcribe:169 | ASR: 优优独播剧场——YoYo Television Series Exclusive
2026-06-03 18:57:29.000 | DEBUG    | src.core.translator:_translate_microsoft:344 | [Microsoft] 优优独播剧场——YoYo Television Series... -> Premium Solo Theater - YoYo Te...
2026-06-03 18:57:29.632 | DEBUG    | src.core.tts_engine:_synthesize_edge_tts:71 | TTS合成完成: Premium Solo Theater - YoYo Te...
2026-06-03 18:57:54.355 | DEBUG    | src.core.asr_engine:transcribe:169 | ASR: 优优独播剧场——YoYo Television Series Exclusive
2026-06-03 18:57:55.434 | DEBUG    | src.core.translator:_translate_microsoft:344 | [Microsoft] 优优独播剧场——YoYo Television Series... -> Premium Solo Theater - YoYo Te...
2026-06-03 18:57:56.032 | DEBUG    | src.core.tts_engine:_synthesize_edge_tts:71 | TTS合成完成: Premium Solo Theater - YoYo Te...
2026-06-03 18:58:13.886 | DEBUG    | src.core.asr_engine:transcribe:169 | ASR: 优优独播剧场——YoYo Television Series Exclusive
2026-06-03 18:58:14.837 | DEBUG    | src.core.translator:_translate_microsoft:344 | [Microsoft] 优优独播剧场——YoYo Television Series... -> Premium Solo Theater - YoYo Te...
2026-06-03 18:58:15.297 | DEBUG    | src.core.tts_engine:_synthesize_edge_tts:71 | TTS合成完成: Premium Solo Theater - YoYo Te...
2026-06-03 19:07:18.529 | INFO     | src.utils.logger:setup_logger:31 | 日志系统初始化完成
2026-06-03 19:07:18.529 | INFO     | src.main:main:40 | ============================================================
2026-06-03 19:07:18.529 | INFO     | src.main:main:41 | Translator InTime v0.1.0 启动
2026-06-03 19:07:18.529 | INFO     | src.main:main:42 | 实时游戏语音双向翻译系统
2026-06-03 19:07:18.529 | INFO     | src.main:main:43 | ============================================================
2026-06-03 19:07:18.801 | INFO     | src.main:main:67 | GUI 已启动
2026-06-03 19:07:46.808 | INFO     | src.utils.logger:setup_logger:31 | 日志系统初始化完成
2026-06-03 19:07:46.808 | INFO     | src.main:main:40 | ============================================================
2026-06-03 19:07:46.808 | INFO     | src.main:main:41 | Translator InTime v0.1.0 启动
2026-06-03 19:07:46.808 | INFO     | src.main:main:42 | 实时游戏语音双向翻译系统
2026-06-03 19:07:46.808 | INFO     | src.main:main:43 | ============================================================
2026-06-03 19:07:47.051 | INFO     | src.main:main:67 | GUI 已启动
2026-06-03 19:08:07.774 | INFO     | src.core.translator:_init_client:87 | 翻译策略: microsoft (降级: google)
2026-06-03 19:08:07.775 | INFO     | src.core.pipeline:initialize:87 | 初始化翻译管道...
2026-06-03 19:08:07.800 | INFO     | src.audio.virtual_device:_linux_create_speaker:60 | 虚拟音频设备 'translator_virtual' 已存在
2026-06-03 19:08:07.801 | INFO     | src.audio.virtual_device:_linux_create_mic_monitor:84 | Monitor 源自动可用: translator_virtual_sink.monitor
2026-06-03 19:08:07.801 | INFO     | src.core.pipeline:initialize:93 | 下载/加载 Whisper 模型（首次需下载 ~140MB）...
2026-06-03 19:08:07.802 | INFO     | src.core.asr_engine:load_model:42 | 加载 Whisper 模型: faster-whisper-medium, device=cpu
2026-06-03 19:08:07.804 | INFO     | src.core.asr_engine:load_model:66 |   尝试本地: /home/fiend/WorkSpace/python/translator_intime/models/systran/faster-whisper-medium (compute=float16)
2026-06-03 19:08:08.524 | INFO     | src.core.asr_engine:load_model:66 |   尝试本地: /home/fiend/WorkSpace/python/translator_intime/models/systran/faster-whisper-medium (compute=int8)
2026-06-03 19:08:10.404 | INFO     | src.core.asr_engine:load_model:71 | Whisper 模型加载成功 ✓
2026-06-03 19:08:10.404 | INFO     | src.core.asr_engine:load_model:42 | 加载 Whisper 模型: faster-whisper-medium, device=cpu
2026-06-03 19:08:10.404 | INFO     | src.core.asr_engine:load_model:66 |   尝试本地: /home/fiend/WorkSpace/python/translator_intime/models/systran/faster-whisper-medium (compute=float16)
2026-06-03 19:08:10.851 | INFO     | src.core.asr_engine:load_model:66 |   尝试本地: /home/fiend/WorkSpace/python/translator_intime/models/systran/faster-whisper-medium (compute=int8)
2026-06-03 19:08:12.218 | INFO     | src.core.asr_engine:load_model:71 | Whisper 模型加载成功 ✓
2026-06-03 19:08:12.218 | INFO     | src.core.pipeline:initialize:110 | TTS输出: 系统默认扬声器
2026-06-03 19:08:12.218 | INFO     | src.core.pipeline:initialize:112 | 翻译管道初始化完成
2026-06-03 19:08:12.231 | INFO     | src.audio.stream:open_input:186 | 音频输入流已打开 (device=None, sr=16000)
2026-06-03 19:08:12.231 | INFO     | src.core.pipeline:start:151 | 未配置游戏声音捕获设备，仅启用出站翻译（你说→外）
2026-06-03 19:08:12.231 | INFO     | src.core.pipeline:start:163 | ✅ 出站翻译管道已启动（你说→外语）
2026-06-03 19:08:12.231 | INFO     | src.core.pipeline:start:165 | ✅ 双向翻译管道已启动
2026-06-03 19:08:12.231 | INFO     | src.core.pipeline:_outbound_loop:191 | 出站管道(中->外) 启动
2026-06-03 19:08:23.675 | DEBUG    | src.core.asr_engine:transcribe:169 | ASR: Wait
2026-06-03 19:08:24.936 | DEBUG    | src.core.translator:_translate_microsoft:344 | [Microsoft] Wait... -> Wait....
2026-06-03 19:08:25.828 | DEBUG    | src.core.tts_engine:_synthesize_edge_tts:71 | TTS合成完成: Wait....
2026-06-03 19:08:34.197 | DEBUG    | src.core.asr_engine:transcribe:169 | ASR: 优优独播剧场——YoYo Television Series Exclusive
2026-06-03 19:08:35.199 | DEBUG    | src.core.translator:_translate_microsoft:344 | [Microsoft] 优优独播剧场——YoYo Television Series... -> Premium Solo Theater - YoYo Te...
2026-06-03 19:08:35.704 | DEBUG    | src.core.tts_engine:_synthesize_edge_tts:71 | TTS合成完成: Premium Solo Theater - YoYo Te...
2026-06-03 19:08:47.028 | DEBUG    | src.core.asr_engine:transcribe:169 | ASR: Boss Clue
2026-06-03 19:08:48.579 | DEBUG    | src.core.translator:_translate_microsoft:344 | [Microsoft] Boss Clue... -> Boss Clue...
2026-06-03 19:08:49.338 | DEBUG    | src.core.tts_engine:_synthesize_edge_tts:71 | TTS合成完成: Boss Clue...
2026-06-03 19:08:56.875 | INFO     | src.main:cleanup:57 | 收到退出信号，正在清理...
