2026-06-11 10:05:58.624 | INFO     | src.utils.logger:setup_logger:31 | 日志系统初始化完成
2026-06-11 10:05:58.625 | INFO     | src.main:main:40 | ============================================================
2026-06-11 10:05:58.625 | INFO     | src.main:main:41 | 友译 v0.1.0 启动
2026-06-11 10:05:58.625 | INFO     | src.main:main:42 | 实时游戏语音双向翻译系统
2026-06-11 10:05:58.625 | INFO     | src.main:main:43 | ============================================================
2026-06-11 10:05:58.949 | INFO     | src.main:main:67 | GUI 已启动
2026-06-11 14:25:02.008 | INFO     | src.utils.logger:setup_logger:31 | 日志系统初始化完成
2026-06-11 14:25:02.009 | INFO     | src.main:main:40 | ============================================================
2026-06-11 14:25:02.009 | INFO     | src.main:main:41 | 友译 v0.1.0 启动
2026-06-11 14:25:02.009 | INFO     | src.main:main:42 | 实时游戏语音双向翻译系统
2026-06-11 14:25:02.009 | INFO     | src.main:main:43 | ============================================================
2026-06-11 14:25:02.552 | INFO     | src.main:main:67 | GUI 已启动
2026-06-11 14:53:11.598 | INFO     | src.utils.logger:setup_logger:31 | 日志系统初始化完成
2026-06-11 14:53:11.598 | INFO     | src.main:main:40 | ============================================================
2026-06-11 14:53:11.598 | INFO     | src.main:main:41 | 友译 v0.1.0 启动
2026-06-11 14:53:11.598 | INFO     | src.main:main:42 | 实时游戏语音双向翻译系统
2026-06-11 14:53:11.598 | INFO     | src.main:main:43 | ============================================================
2026-06-11 14:53:11.995 | INFO     | src.main:main:67 | GUI 已启动
2026-06-11 15:09:39.606 | INFO     | src.utils.logger:setup_logger:31 | 日志系统初始化完成
2026-06-11 15:09:39.606 | INFO     | src.main:main:40 | ============================================================
2026-06-11 15:09:39.606 | INFO     | src.main:main:41 | 友译 v0.1.0 启动
2026-06-11 15:09:39.606 | INFO     | src.main:main:42 | 实时游戏语音双向翻译系统
2026-06-11 15:09:39.607 | INFO     | src.main:main:43 | ============================================================
2026-06-11 15:09:40.014 | INFO     | src.main:main:67 | GUI 已启动
2026-06-11 15:11:33.488 | INFO     | src.utils.logger:setup_logger:31 | 日志系统初始化完成
2026-06-11 15:11:33.489 | INFO     | src.main:main:40 | ============================================================
2026-06-11 15:11:33.489 | INFO     | src.main:main:41 | 友译 v0.1.0 启动
2026-06-11 15:11:33.489 | INFO     | src.main:main:42 | 实时游戏语音双向翻译系统
2026-06-11 15:11:33.489 | INFO     | src.main:main:43 | ============================================================
2026-06-11 15:11:33.970 | INFO     | src.main:main:67 | GUI 已启动
2026-06-11 15:11:49.041 | INFO     | src.core.pipeline:__init__:91 | 使用腾讯混元 HY-MT1.5-1.8B 本地翻译模型
2026-06-11 15:11:57.498 | INFO     | src.core.hunyuan_engine:load_model:72 | 加载 HY-MT1.5-1.8B 模型：/home/fiend/WorkSpace/python/translator_intime/models/HY-MT1.5-1.8B
2026-06-11 15:12:00.139 | INFO     | src.core.hunyuan_engine:load_model:85 | HY-MT1.5-1.8B 模型加载成功 ✓
2026-06-11 15:12:00.139 | WARNING  | src.core.translator:_init_client:113 | 未知翻译后端 'hunyuan'，使用智能模式
2026-06-11 15:12:00.140 | INFO     | src.core.pipeline:initialize:222 | 初始化翻译管道...
2026-06-11 15:12:00.157 | INFO     | src.audio.virtual_device:_linux_create_speaker:60 | 虚拟音频设备 'translator_virtual' 已存在
2026-06-11 15:12:00.157 | INFO     | src.audio.virtual_device:_linux_create_mic_monitor:84 | Monitor 源自动可用: translator_virtual_sink.monitor
2026-06-11 15:13:14.706 | INFO     | src.core.pipeline:__init__:91 | 使用腾讯混元 HY-MT1.5-1.8B 本地翻译模型
2026-06-11 15:13:14.707 | INFO     | src.core.hunyuan_engine:load_model:72 | 加载 HY-MT1.5-1.8B 模型：/home/fiend/WorkSpace/python/translator_intime/models/HY-MT1.5-1.8B
2026-06-11 15:13:15.674 | INFO     | src.core.hunyuan_engine:load_model:85 | HY-MT1.5-1.8B 模型加载成功 ✓
2026-06-11 15:13:15.674 | WARNING  | src.core.translator:_init_client:113 | 未知翻译后端 'hunyuan'，使用智能模式
2026-06-11 15:13:15.674 | INFO     | src.core.pipeline:initialize:222 | 初始化翻译管道...
2026-06-11 15:13:15.685 | INFO     | src.audio.virtual_device:_linux_create_speaker:60 | 虚拟音频设备 'translator_virtual' 已存在
2026-06-11 15:13:15.685 | INFO     | src.audio.virtual_device:_linux_create_mic_monitor:84 | Monitor 源自动可用: translator_virtual_sink.monitor
2026-06-11 15:13:55.995 | INFO     | src.utils.logger:setup_logger:31 | 日志系统初始化完成
2026-06-11 15:13:55.995 | INFO     | src.main:main:40 | ============================================================
2026-06-11 15:13:55.995 | INFO     | src.main:main:41 | 友译 v0.1.0 启动
2026-06-11 15:13:55.995 | INFO     | src.main:main:42 | 实时游戏语音双向翻译系统
2026-06-11 15:13:55.995 | INFO     | src.main:main:43 | ============================================================
2026-06-11 15:13:56.378 | INFO     | src.main:main:67 | GUI 已启动
2026-06-11 16:11:27.034 | INFO     | src.utils.logger:setup_logger:31 | 日志系统初始化完成
2026-06-11 16:11:27.034 | INFO     | src.main:main:40 | ============================================================
2026-06-11 16:11:27.035 | INFO     | src.main:main:41 | 友译 v0.1.0 启动
2026-06-11 16:11:27.035 | INFO     | src.main:main:42 | 实时游戏语音双向翻译系统
2026-06-11 16:11:27.035 | INFO     | src.main:main:43 | ============================================================
2026-06-11 16:11:27.384 | INFO     | src.main:main:67 | GUI 已启动
2026-06-11 16:11:28.559 | INFO     | src.core.pipeline:__init__:91 | 使用腾讯混元 HY-MT1.5-1.8B 本地翻译模型
2026-06-11 16:11:33.760 | INFO     | src.core.hunyuan_engine:load_model:76 | 加载 HY-MT1.5-1.8B 模型：/home/fiend/WorkSpace/python/translator_intime/models/HY-MT1.5-1.8B
2026-06-11 16:11:35.068 | INFO     | src.core.hunyuan_engine:load_model:89 | HY-MT1.5-1.8B 模型加载成功 ✓
2026-06-11 16:11:35.068 | INFO     | src.core.translator:_init_client:109 | 翻译后端: hunyuan (降级: microsoft, google)
2026-06-11 16:11:35.068 | INFO     | src.core.pipeline:initialize:222 | 初始化翻译管道...
2026-06-11 16:11:35.078 | INFO     | src.audio.virtual_device:_linux_create_speaker:60 | 虚拟音频设备 'translator_virtual' 已存在
2026-06-11 16:11:35.078 | INFO     | src.audio.virtual_device:_linux_create_mic_monitor:84 | Monitor 源自动可用: translator_virtual_sink.monitor
2026-06-11 16:11:35.079 | INFO     | src.core.pipeline:initialize:228 | hunyuan 云端引擎可用，跳过本地 ASR 模型加载
2026-06-11 16:11:35.079 | INFO     | src.core.pipeline:initialize:238 | TTS输出: 系统默认扬声器
2026-06-11 16:11:35.079 | INFO     | src.core.pipeline:initialize:240 | 翻译管道初始化完成
2026-06-11 16:11:35.095 | INFO     | src.audio.stream:_open_sounddevice_input:252 | 音频输入流已打开 (device=None, sr=16000)
2026-06-11 16:11:35.097 | INFO     | src.audio.stream:_open_pulse_input:301 | PulseAudio输入流已打开 (source=translator_virtual_sink.monitor, sr=16000)
2026-06-11 16:11:35.097 | INFO     | src.core.pipeline:start:300 | 游戏声音捕获已开启
2026-06-11 16:11:35.097 | INFO     | src.core.pipeline:start:318 | ✅ 腾讯混元本地翻译双向管道已启动（出站 + 入站）
2026-06-11 16:11:35.097 | INFO     | src.core.pipeline:_outbound_loop:509 | 出站管道(中->外) 启动
2026-06-11 16:11:35.148 | INFO     | src.core.pipeline:_inbound_loop:605 | 入站管道(外->中) 启动
2026-06-11 16:11:37.108 | INFO     | src.core.pipeline:_inbound_loop:620 | 系统音频输入电平 rms=0.00000
2026-06-11 16:11:38.134 | INFO     | src.core.pipeline:_inbound_loop:620 | 系统音频输入电平 rms=0.00000
2026-06-11 16:11:39.200 | INFO     | src.core.pipeline:_inbound_loop:620 | 系统音频输入电平 rms=0.00000
2026-06-11 16:11:40.225 | INFO     | src.core.pipeline:_inbound_loop:620 | 系统音频输入电平 rms=0.00000
2026-06-11 16:11:41.291 | INFO     | src.core.pipeline:_inbound_loop:620 | 系统音频输入电平 rms=0.00000
2026-06-11 16:11:42.315 | INFO     | src.core.pipeline:_inbound_loop:620 | 系统音频输入电平 rms=0.00000
2026-06-11 16:11:43.339 | INFO     | src.core.pipeline:_inbound_loop:620 | 系统音频输入电平 rms=0.00000
2026-06-11 16:11:44.363 | INFO     | src.core.pipeline:_inbound_loop:620 | 系统音频输入电平 rms=0.00000
2026-06-11 16:11:45.430 | INFO     | src.core.pipeline:_inbound_loop:620 | 系统音频输入电平 rms=0.00000
2026-06-11 16:11:46.454 | INFO     | src.core.pipeline:_inbound_loop:620 | 系统音频输入电平 rms=0.00000
2026-06-11 16:11:47.478 | INFO     | src.core.pipeline:_inbound_loop:620 | 系统音频输入电平 rms=0.00000
2026-06-11 16:11:49.135 | INFO     | src.core.pipeline:_inbound_loop:620 | 系统音频输入电平 rms=0.02674
2026-06-11 16:11:51.145 | INFO     | src.core.pipeline:_inbound_loop:620 | 系统音频输入电平 rms=0.00293
2026-06-11 16:11:53.130 | INFO     | src.core.pipeline:_inbound_loop:620 | 系统音频输入电平 rms=0.03974
2026-06-11 16:11:55.135 | INFO     | src.core.pipeline:_inbound_loop:620 | 系统音频输入电平 rms=0.00920
2026-06-11 16:11:55.377 | WARNING  | src.core.asr_engine:transcribe:411 | 模型未加载，无法识别
2026-06-11 16:11:55.378 | WARNING  | src.core.asr_engine:transcribe:411 | 模型未加载，无法识别
2026-06-11 16:11:55.378 | WARNING  | src.core.asr_engine:transcribe:411 | 模型未加载，无法识别
2026-06-11 16:11:55.378 | WARNING  | src.core.asr_engine:transcribe:411 | 模型未加载，无法识别
2026-06-11 16:11:55.379 | WARNING  | src.core.asr_engine:transcribe:411 | 模型未加载，无法识别
2026-06-11 16:11:55.379 | WARNING  | src.core.asr_engine:transcribe:411 | 模型未加载，无法识别
2026-06-11 16:11:55.379 | WARNING  | src.core.asr_engine:transcribe:411 | 模型未加载，无法识别
2026-06-11 16:11:55.380 | WARNING  | src.core.asr_engine:transcribe:411 | 模型未加载，无法识别
2026-06-11 16:11:55.380 | WARNING  | src.core.asr_engine:transcribe:411 | 模型未加载，无法识别
2026-06-11 16:11:55.380 | WARNING  | src.core.asr_engine:transcribe:411 | 模型未加载，无法识别
2026-06-11 16:11:55.381 | WARNING  | src.core.asr_engine:transcribe:411 | 模型未加载，无法识别
2026-06-11 16:11:55.381 | WARNING  | src.core.asr_engine:transcribe:411 | 模型未加载，无法识别
2026-06-11 16:11:55.381 | WARNING  | src.core.asr_engine:transcribe:411 | 模型未加载，无法识别
2026-06-11 16:11:55.381 | WARNING  | src.core.asr_engine:transcribe:411 | 模型未加载，无法识别
2026-06-11 16:11:55.382 | WARNING  | src.core.asr_engine:transcribe:411 | 模型未加载，无法识别
2026-06-11 16:11:55.382 | WARNING  | src.core.asr_engine:transcribe:411 | 模型未加载，无法识别
2026-06-11 16:11:55.382 | WARNING  | src.core.asr_engine:transcribe:411 | 模型未加载，无法识别
2026-06-11 16:11:55.382 | WARNING  | src.core.asr_engine:transcribe:411 | 模型未加载，无法识别
2026-06-11 16:11:55.382 | WARNING  | src.core.asr_engine:transcribe:411 | 模型未加载，无法识别
2026-06-11 16:11:55.383 | WARNING  | src.core.asr_engine:transcribe:411 | 模型未加载，无法识别
2026-06-11 16:11:55.383 | WARNING  | src.core.asr_engine:transcribe:411 | 模型未加载，无法识别
2026-06-11 16:11:55.383 | WARNING  | src.core.asr_engine:transcribe:411 | 模型未加载，无法识别
2026-06-11 16:11:57.135 | INFO     | src.core.pipeline:_inbound_loop:620 | 系统音频输入电平 rms=0.18903
2026-06-11 16:11:57.135 | WARNING  | src.core.asr_engine:transcribe:411 | 模型未加载，无法识别
2026-06-11 16:11:57.135 | WARNING  | src.core.asr_engine:transcribe:411 | 模型未加载，无法识别
2026-06-11 16:11:57.135 | WARNING  | src.core.asr_engine:transcribe:411 | 模型未加载，无法识别
2026-06-11 16:11:57.135 | WARNING  | src.core.asr_engine:transcribe:411 | 模型未加载，无法识别
2026-06-11 16:11:57.136 | WARNING  | src.core.asr_engine:transcribe:411 | 模型未加载，无法识别
2026-06-11 16:11:57.136 | WARNING  | src.core.asr_engine:transcribe:411 | 模型未加载，无法识别
2026-06-11 16:11:57.136 | WARNING  | src.core.asr_engine:transcribe:411 | 模型未加载，无法识别
2026-06-11 16:11:57.136 | WARNING  | src.core.asr_engine:transcribe:411 | 模型未加载，无法识别
2026-06-11 16:11:57.136 | WARNING  | src.core.asr_engine:transcribe:411 | 模型未加载，无法识别
2026-06-11 16:11:57.137 | WARNING  | src.core.asr_engine:transcribe:411 | 模型未加载，无法识别
2026-06-11 16:11:57.137 | WARNING  | src.core.asr_engine:transcribe:411 | 模型未加载，无法识别
2026-06-11 16:11:57.137 | WARNING  | src.core.asr_engine:transcribe:411 | 模型未加载，无法识别
2026-06-11 16:11:57.137 | WARNING  | src.core.asr_engine:transcribe:411 | 模型未加载，无法识别
2026-06-11 16:11:57.137 | WARNING  | src.core.asr_engine:transcribe:411 | 模型未加载，无法识别
2026-06-11 16:11:57.138 | WARNING  | src.core.asr_engine:transcribe:411 | 模型未加载，无法识别
2026-06-11 16:11:57.138 | WARNING  | src.core.asr_engine:transcribe:411 | 模型未加载，无法识别
2026-06-11 16:11:57.138 | WARNING  | src.core.asr_engine:transcribe:411 | 模型未加载，无法识别
2026-06-11 16:11:57.138 | WARNING  | src.core.asr_engine:transcribe:411 | 模型未加载，无法识别
2026-06-11 16:11:57.139 | WARNING  | src.core.asr_engine:transcribe:411 | 模型未加载，无法识别
2026-06-11 16:11:57.139 | WARNING  | src.core.asr_engine:transcribe:411 | 模型未加载，无法识别
2026-06-11 16:11:57.139 | WARNING  | src.core.asr_engine:transcribe:411 | 模型未加载，无法识别
2026-06-11 16:11:57.139 | WARNING  | src.core.asr_engine:transcribe:411 | 模型未加载，无法识别
2026-06-11 16:11:57.139 | WARNING  | src.core.asr_engine:transcribe:411 | 模型未加载，无法识别
2026-06-11 16:11:57.139 | WARNING  | src.core.asr_engine:transcribe:411 | 模型未加载，无法识别
2026-06-11 16:11:57.140 | WARNING  | src.core.asr_engine:transcribe:411 | 模型未加载，无法识别
2026-06-11 16:11:57.140 | WARNING  | src.core.asr_engine:transcribe:411 | 模型未加载，无法识别
2026-06-11 16:11:57.140 | WARNING  | src.core.asr_engine:transcribe:411 | 模型未加载，无法识别
2026-06-11 16:11:57.140 | WARNING  | src.core.asr_engine:transcribe:411 | 模型未加载，无法识别
2026-06-11 16:11:57.141 | WARNING  | src.core.asr_engine:transcribe:411 | 模型未加载，无法识别
2026-06-11 16:11:57.141 | WARNING  | src.core.asr_engine:transcribe:411 | 模型未加载，无法识别
2026-06-11 16:11:57.141 | WARNING  | src.core.asr_engine:transcribe:411 | 模型未加载，无法识别
2026-06-11 16:11:59.146 | INFO     | src.core.pipeline:_inbound_loop:620 | 系统音频输入电平 rms=0.00464
2026-06-11 16:11:59.467 | WARNING  | src.core.asr_engine:transcribe:411 | 模型未加载，无法识别
2026-06-11 16:11:59.467 | WARNING  | src.core.asr_engine:transcribe:411 | 模型未加载，无法识别
2026-06-11 16:11:59.467 | WARNING  | src.core.asr_engine:transcribe:411 | 模型未加载，无法识别
2026-06-11 16:11:59.467 | WARNING  | src.core.asr_engine:transcribe:411 | 模型未加载，无法识别
2026-06-11 16:11:59.467 | WARNING  | src.core.asr_engine:transcribe:411 | 模型未加载，无法识别
2026-06-11 16:11:59.468 | WARNING  | src.core.asr_engine:transcribe:411 | 模型未加载，无法识别
2026-06-11 16:11:59.468 | WARNING  | src.core.asr_engine:transcribe:411 | 模型未加载，无法识别
2026-06-11 16:11:59.468 | WARNING  | src.core.asr_engine:transcribe:411 | 模型未加载，无法识别
2026-06-11 16:11:59.468 | WARNING  | src.core.asr_engine:transcribe:411 | 模型未加载，无法识别
2026-06-11 16:11:59.468 | WARNING  | src.core.asr_engine:transcribe:411 | 模型未加载，无法识别
2026-06-11 16:11:59.469 | WARNING  | src.core.asr_engine:transcribe:411 | 模型未加载，无法识别
2026-06-11 16:11:59.469 | WARNING  | src.core.asr_engine:transcribe:411 | 模型未加载，无法识别
2026-06-11 16:11:59.469 | WARNING  | src.core.asr_engine:transcribe:411 | 模型未加载，无法识别
2026-06-11 16:11:59.469 | WARNING  | src.core.asr_engine:transcribe:411 | 模型未加载，无法识别
2026-06-11 16:11:59.470 | WARNING  | src.core.asr_engine:transcribe:411 | 模型未加载，无法识别
2026-06-11 16:11:59.470 | WARNING  | src.core.asr_engine:transcribe:411 | 模型未加载，无法识别
2026-06-11 16:11:59.470 | WARNING  | src.core.asr_engine:transcribe:411 | 模型未加载，无法识别
2026-06-11 16:11:59.552 | WARNING  | src.core.asr_engine:transcribe:411 | 模型未加载，无法识别
2026-06-11 16:11:59.643 | WARNING  | src.core.asr_engine:transcribe:411 | 模型未加载，无法识别
2026-06-11 16:11:59.643 | WARNING  | src.core.asr_engine:transcribe:411 | 模型未加载，无法识别
2026-06-11 16:11:59.643 | WARNING  | src.core.asr_engine:transcribe:411 | 模型未加载，无法识别
2026-06-11 16:11:59.643 | WARNING  | src.core.asr_engine:transcribe:411 | 模型未加载，无法识别
2026-06-11 16:12:01.130 | INFO     | src.core.pipeline:_inbound_loop:620 | 系统音频输入电平 rms=0.22046
2026-06-11 16:12:01.130 | WARNING  | src.core.asr_engine:transcribe:411 | 模型未加载，无法识别
2026-06-11 16:12:01.131 | WARNING  | src.core.asr_engine:transcribe:411 | 模型未加载，无法识别
2026-06-11 16:12:01.131 | WARNING  | src.core.asr_engine:transcribe:411 | 模型未加载，无法识别
2026-06-11 16:12:01.131 | WARNING  | src.core.asr_engine:transcribe:411 | 模型未加载，无法识别
2026-06-11 16:12:01.131 | WARNING  | src.core.asr_engine:transcribe:411 | 模型未加载，无法识别
2026-06-11 16:12:01.131 | WARNING  | src.core.asr_engine:transcribe:411 | 模型未加载，无法识别
2026-06-11 16:12:01.132 | WARNING  | src.core.asr_engine:transcribe:411 | 模型未加载，无法识别
2026-06-11 16:12:01.132 | WARNING  | src.core.asr_engine:transcribe:411 | 模型未加载，无法识别
2026-06-11 16:12:01.132 | WARNING  | src.core.asr_engine:transcribe:411 | 模型未加载，无法识别
2026-06-11 16:12:01.132 | WARNING  | src.core.asr_engine:transcribe:411 | 模型未加载，无法识别
2026-06-11 16:12:01.132 | WARNING  | src.core.asr_engine:transcribe:411 | 模型未加载，无法识别
2026-06-11 16:12:01.132 | WARNING  | src.core.asr_engine:transcribe:411 | 模型未加载，无法识别
2026-06-11 16:12:01.133 | WARNING  | src.core.asr_engine:transcribe:411 | 模型未加载，无法识别
2026-06-11 16:12:01.133 | WARNING  | src.core.asr_engine:transcribe:411 | 模型未加载，无法识别
2026-06-11 16:12:01.133 | WARNING  | src.core.asr_engine:transcribe:411 | 模型未加载，无法识别
2026-06-11 16:12:01.301 | WARNING  | src.core.asr_engine:transcribe:411 | 模型未加载，无法识别
2026-06-11 16:12:01.302 | WARNING  | src.core.asr_engine:transcribe:411 | 模型未加载，无法识别
2026-06-11 16:12:01.302 | WARNING  | src.core.asr_engine:transcribe:411 | 模型未加载，无法识别
2026-06-11 16:12:01.302 | WARNING  | src.core.asr_engine:transcribe:411 | 模型未加载，无法识别
2026-06-11 16:12:01.387 | WARNING  | src.core.asr_engine:transcribe:411 | 模型未加载，无法识别
2026-06-11 16:12:01.387 | WARNING  | src.core.asr_engine:transcribe:411 | 模型未加载，无法识别
2026-06-11 16:12:01.387 | WARNING  | src.core.asr_engine:transcribe:411 | 模型未加载，无法识别
2026-06-11 16:12:01.388 | WARNING  | src.core.asr_engine:transcribe:411 | 模型未加载，无法识别
2026-06-11 16:12:01.388 | WARNING  | src.core.asr_engine:transcribe:411 | 模型未加载，无法识别
2026-06-11 16:12:01.388 | WARNING  | src.core.asr_engine:transcribe:411 | 模型未加载，无法识别
2026-06-11 16:12:01.388 | WARNING  | src.core.asr_engine:transcribe:411 | 模型未加载，无法识别
2026-06-11 16:12:03.129 | INFO     | src.core.pipeline:_inbound_loop:620 | 系统音频输入电平 rms=0.03074
2026-06-11 16:12:03.130 | WARNING  | src.core.asr_engine:transcribe:411 | 模型未加载，无法识别
2026-06-11 16:12:03.130 | WARNING  | src.core.asr_engine:transcribe:411 | 模型未加载，无法识别
2026-06-11 16:12:03.130 | WARNING  | src.core.asr_engine:transcribe:411 | 模型未加载，无法识别
2026-06-11 16:12:03.130 | WARNING  | src.core.asr_engine:transcribe:411 | 模型未加载，无法识别
2026-06-11 16:12:03.130 | WARNING  | src.core.asr_engine:transcribe:411 | 模型未加载，无法识别
2026-06-11 16:12:03.130 | WARNING  | src.core.asr_engine:transcribe:411 | 模型未加载，无法识别
2026-06-11 16:12:03.131 | WARNING  | src.core.asr_engine:transcribe:411 | 模型未加载，无法识别
2026-06-11 16:12:03.131 | WARNING  | src.core.asr_engine:transcribe:411 | 模型未加载，无法识别
2026-06-11 16:12:03.131 | WARNING  | src.core.asr_engine:transcribe:411 | 模型未加载，无法识别
2026-06-11 16:12:03.131 | WARNING  | src.core.asr_engine:transcribe:411 | 模型未加载，无法识别
2026-06-11 16:12:03.131 | WARNING  | src.core.asr_engine:transcribe:411 | 模型未加载，无法识别
2026-06-11 16:12:03.131 | WARNING  | src.core.asr_engine:transcribe:411 | 模型未加载，无法识别
2026-06-11 16:12:03.132 | WARNING  | src.core.asr_engine:transcribe:411 | 模型未加载，无法识别
2026-06-11 16:12:03.132 | WARNING  | src.core.asr_engine:transcribe:411 | 模型未加载，无法识别
2026-06-11 16:12:03.132 | WARNING  | src.core.asr_engine:transcribe:411 | 模型未加载，无法识别
2026-06-11 16:12:03.132 | WARNING  | src.core.asr_engine:transcribe:411 | 模型未加载，无法识别
2026-06-11 16:12:03.132 | WARNING  | src.core.asr_engine:transcribe:411 | 模型未加载，无法识别
2026-06-11 16:12:03.132 | WARNING  | src.core.asr_engine:transcribe:411 | 模型未加载，无法识别
2026-06-11 16:12:03.133 | WARNING  | src.core.asr_engine:transcribe:411 | 模型未加载，无法识别
2026-06-11 16:12:03.133 | WARNING  | src.core.asr_engine:transcribe:411 | 模型未加载，无法识别
2026-06-11 16:12:03.133 | WARNING  | src.core.asr_engine:transcribe:411 | 模型未加载，无法识别
2026-06-11 16:12:03.133 | WARNING  | src.core.asr_engine:transcribe:411 | 模型未加载，无法识别
2026-06-11 16:12:03.133 | WARNING  | src.core.asr_engine:transcribe:411 | 模型未加载，无法识别
2026-06-11 16:12:03.133 | WARNING  | src.core.asr_engine:transcribe:411 | 模型未加载，无法识别
2026-06-11 16:12:03.134 | WARNING  | src.core.asr_engine:transcribe:411 | 模型未加载，无法识别
2026-06-11 16:12:05.135 | INFO     | src.core.pipeline:_inbound_loop:620 | 系统音频输入电平 rms=0.00076
2026-06-11 16:12:16.012 | INFO     | src.core.pipeline:__init__:91 | 使用腾讯混元 HY-MT1.5-1.8B 本地翻译模型
2026-06-11 16:12:16.013 | INFO     | src.core.hunyuan_engine:load_model:76 | 加载 HY-MT1.5-1.8B 模型：/home/fiend/WorkSpace/python/translator_intime/models/HY-MT1.5-1.8B
2026-06-11 16:12:17.076 | INFO     | src.core.hunyuan_engine:load_model:89 | HY-MT1.5-1.8B 模型加载成功 ✓
2026-06-11 16:12:17.076 | INFO     | src.core.translator:_init_client:109 | 翻译后端: hunyuan (降级: microsoft, google)
2026-06-11 16:12:17.076 | INFO     | src.core.pipeline:initialize:222 | 初始化翻译管道...
2026-06-11 16:12:17.094 | INFO     | src.audio.virtual_device:_linux_create_speaker:60 | 虚拟音频设备 'translator_virtual' 已存在
2026-06-11 16:12:17.094 | INFO     | src.audio.virtual_device:_linux_create_mic_monitor:84 | Monitor 源自动可用: translator_virtual_sink.monitor
2026-06-11 16:12:17.094 | INFO     | src.core.pipeline:initialize:228 | hunyuan 云端引擎可用，跳过本地 ASR 模型加载
2026-06-11 16:12:17.094 | INFO     | src.core.pipeline:initialize:238 | TTS输出: 系统默认扬声器
2026-06-11 16:12:17.094 | INFO     | src.core.pipeline:initialize:240 | 翻译管道初始化完成
2026-06-11 16:12:17.116 | INFO     | src.audio.stream:_open_sounddevice_input:252 | 音频输入流已打开 (device=None, sr=16000)
2026-06-11 16:12:17.117 | INFO     | src.audio.stream:_open_pulse_input:301 | PulseAudio输入流已打开 (source=translator_virtual_sink.monitor, sr=16000)
2026-06-11 16:12:17.117 | INFO     | src.core.pipeline:start:300 | 游戏声音捕获已开启
2026-06-11 16:12:17.117 | INFO     | src.core.pipeline:start:318 | ✅ 腾讯混元本地翻译双向管道已启动（出站 + 入站）
2026-06-11 16:12:17.117 | INFO     | src.core.pipeline:_outbound_loop:509 | 出站管道(中->外) 启动
2026-06-11 16:12:17.173 | INFO     | src.core.pipeline:_inbound_loop:605 | 入站管道(外->中) 启动
2026-06-11 16:12:19.151 | INFO     | src.core.pipeline:_inbound_loop:620 | 系统音频输入电平 rms=0.15269
2026-06-11 16:12:21.162 | INFO     | src.core.pipeline:_inbound_loop:620 | 系统音频输入电平 rms=0.00353
2026-06-11 16:12:23.169 | INFO     | src.core.pipeline:_inbound_loop:620 | 系统音频输入电平 rms=0.00000
2026-06-11 16:12:24.000 | WARNING  | src.core.asr_engine:transcribe:411 | 模型未加载，无法识别
2026-06-11 16:12:24.170 | INFO     | src.core.pipeline:_inbound_loop:620 | 系统音频输入电平 rms=0.00000
2026-06-11 16:12:25.238 | INFO     | src.core.pipeline:_inbound_loop:620 | 系统音频输入电平 rms=0.00000
2026-06-11 16:12:27.157 | INFO     | src.core.pipeline:_inbound_loop:620 | 系统音频输入电平 rms=0.11904
2026-06-11 16:12:27.328 | WARNING  | src.core.asr_engine:transcribe:411 | 模型未加载，无法识别
2026-06-11 16:12:27.328 | WARNING  | src.core.asr_engine:transcribe:411 | 模型未加载，无法识别
2026-06-11 16:12:27.329 | WARNING  | src.core.asr_engine:transcribe:411 | 模型未加载，无法识别
2026-06-11 16:12:27.329 | WARNING  | src.core.asr_engine:transcribe:411 | 模型未加载，无法识别
2026-06-11 16:12:27.329 | WARNING  | src.core.asr_engine:transcribe:411 | 模型未加载，无法识别
2026-06-11 16:12:27.329 | WARNING  | src.core.asr_engine:transcribe:411 | 模型未加载，无法识别
2026-06-11 16:12:27.329 | WARNING  | src.core.asr_engine:transcribe:411 | 模型未加载，无法识别
2026-06-11 16:12:27.413 | WARNING  | src.core.asr_engine:transcribe:411 | 模型未加载，无法识别
2026-06-11 16:12:27.414 | WARNING  | src.core.asr_engine:transcribe:411 | 模型未加载，无法识别
2026-06-11 16:12:27.414 | WARNING  | src.core.asr_engine:transcribe:411 | 模型未加载，无法识别
2026-06-11 16:12:27.414 | WARNING  | src.core.asr_engine:transcribe:411 | 模型未加载，无法识别
2026-06-11 16:12:27.414 | WARNING  | src.core.asr_engine:transcribe:411 | 模型未加载，无法识别
2026-06-11 16:12:27.414 | WARNING  | src.core.asr_engine:transcribe:411 | 模型未加载，无法识别
2026-06-11 16:12:27.415 | WARNING  | src.core.asr_engine:transcribe:411 | 模型未加载，无法识别
2026-06-11 16:12:29.156 | INFO     | src.core.pipeline:_inbound_loop:620 | 系统音频输入电平 rms=0.08231
2026-06-11 16:12:29.156 | WARNING  | src.core.asr_engine:transcribe:411 | 模型未加载，无法识别
2026-06-11 16:12:29.156 | WARNING  | src.core.asr_engine:transcribe:411 | 模型未加载，无法识别
2026-06-11 16:12:29.157 | WARNING  | src.core.asr_engine:transcribe:411 | 模型未加载，无法识别
2026-06-11 16:12:29.157 | WARNING  | src.core.asr_engine:transcribe:411 | 模型未加载，无法识别
2026-06-11 16:12:29.157 | WARNING  | src.core.asr_engine:transcribe:411 | 模型未加载，无法识别
2026-06-11 16:12:29.157 | WARNING  | src.core.asr_engine:transcribe:411 | 模型未加载，无法识别
2026-06-11 16:12:29.157 | WARNING  | src.core.asr_engine:transcribe:411 | 模型未加载，无法识别
2026-06-11 16:12:29.157 | WARNING  | src.core.asr_engine:transcribe:411 | 模型未加载，无法识别
2026-06-11 16:12:29.158 | WARNING  | src.core.asr_engine:transcribe:411 | 模型未加载，无法识别
2026-06-11 16:42:59.423 | INFO     | src.utils.logger:setup_logger:31 | 日志系统初始化完成
2026-06-11 16:42:59.423 | INFO     | src.main:main:40 | ============================================================
2026-06-11 16:42:59.423 | INFO     | src.main:main:41 | 友译 v0.1.0 启动
2026-06-11 16:42:59.423 | INFO     | src.main:main:42 | 实时游戏语音双向翻译系统
2026-06-11 16:42:59.424 | INFO     | src.main:main:43 | ============================================================
2026-06-11 16:42:59.776 | INFO     | src.main:main:67 | GUI 已启动
2026-06-11 16:43:00.831 | INFO     | src.core.pipeline:__init__:91 | 使用腾讯混元 HY-MT1.5-1.8B 本地翻译模型
2026-06-11 16:43:04.355 | INFO     | src.core.hunyuan_engine:load_model:76 | 加载 HY-MT1.5-1.8B 模型：/home/fiend/WorkSpace/python/translator_intime/models/HY-MT1.5-1.8B
2026-06-11 16:43:05.468 | INFO     | src.core.hunyuan_engine:load_model:89 | HY-MT1.5-1.8B 模型加载成功 ✓
2026-06-11 16:43:05.468 | INFO     | src.core.translator:_init_client:109 | 翻译后端: hunyuan (降级: microsoft, google)
2026-06-11 16:43:05.468 | INFO     | src.core.pipeline:initialize:222 | 初始化翻译管道...
2026-06-11 16:43:05.476 | INFO     | src.audio.virtual_device:_linux_create_speaker:60 | 虚拟音频设备 'translator_virtual' 已存在
2026-06-11 16:43:05.476 | INFO     | src.audio.virtual_device:_linux_create_mic_monitor:84 | Monitor 源自动可用: translator_virtual_sink.monitor
2026-06-11 16:43:05.476 | INFO     | src.core.pipeline:_ensure_asr_models_loaded:248 | 检测本地 ASR 模型（backend=qwen3）...
2026-06-11 16:43:08.243 | INFO     | src.core.asr_engine:_load_qwen3_model:270 | 加载 Qwen3-ASR 模型: Qwen/Qwen3-ASR-0.6B, device=cpu, hub=ms
2026-06-11 17:00:46.872 | WARNING  | src.core.asr_engine:_load_qwen3_model:283 | Qwen3-ASR 模型加载失败 (hub=ms): qwen-asr package is required. Install with: pip install qwen-asr
2026-06-11 17:00:46.873 | INFO     | src.core.asr_engine:_load_qwen3_model:270 | 加载 Qwen3-ASR 模型: Qwen/Qwen3-ASR-0.6B, device=cpu, hub=hf
2026-06-11 17:00:48.247 | WARNING  | src.core.asr_engine:_load_qwen3_model:283 | Qwen3-ASR 模型加载失败 (hub=hf): qwen-asr package is required. Install with: pip install qwen-asr
2026-06-11 17:00:48.248 | ERROR    | src.core.asr_engine:_load_qwen3_model:286 | Qwen3-ASR 本地模型未找到，请手动下载模型:
  1. 安装 modelscope: pip install modelscope
  2. 下载模型: python -c "from modelscope import snapshot_download; snapshot_download('Qwen/Qwen3-ASR-0.6B', cache_dir='./models')"
  3. 重新启动应用
2026-06-11 17:00:48.250 | INFO     | src.core.asr_engine:_load_funasr_model:120 | 加载 FunASR 模型: FunAudioLLM/Fun-ASR-Nano-2512, device=cpu, hub=ms
2026-06-11 17:01:15.300 | INFO     | src.core.asr_engine:_load_funasr_model:130 | Fun-ASR-Nano 模型加载成功 ✓
2026-06-11 17:01:15.300 | INFO     | src.core.asr_engine:share_model_from:54 | ASR 模型已复用（backend=funasr, language=en）
2026-06-11 17:01:15.300 | INFO     | src.core.pipeline:initialize:238 | TTS输出: 系统默认扬声器
2026-06-11 17:01:15.300 | INFO     | src.core.pipeline:initialize:240 | 翻译管道初始化完成
2026-06-11 17:01:15.326 | INFO     | src.audio.stream:_open_sounddevice_input:252 | 音频输入流已打开 (device=None, sr=16000)
2026-06-11 17:01:15.332 | INFO     | src.audio.stream:_open_pulse_input:301 | PulseAudio输入流已打开 (source=translator_virtual_sink.monitor, sr=16000)
2026-06-11 17:01:15.332 | INFO     | src.core.pipeline:start:300 | 游戏声音捕获已开启
2026-06-11 17:01:15.333 | INFO     | src.core.pipeline:start:318 | ✅ 腾讯混元本地翻译双向管道已启动（出站 + 入站）
2026-06-11 17:01:15.333 | INFO     | src.core.pipeline:_outbound_loop:509 | 出站管道(中->外) 启动
2026-06-11 17:01:15.379 | INFO     | src.core.pipeline:_inbound_loop:605 | 入站管道(外->中) 启动
2026-06-11 17:01:17.333 | INFO     | src.core.pipeline:_inbound_loop:620 | 系统音频输入电平 rms=0.00000
2026-06-11 17:01:18.365 | INFO     | src.core.pipeline:_inbound_loop:620 | 系统音频输入电平 rms=0.00000
2026-06-11 17:01:19.399 | INFO     | src.core.pipeline:_inbound_loop:620 | 系统音频输入电平 rms=0.00000
2026-06-11 17:01:20.414 | INFO     | src.core.pipeline:_inbound_loop:620 | 系统音频输入电平 rms=0.00000
2026-06-11 17:01:21.481 | INFO     | src.core.pipeline:_inbound_loop:620 | 系统音频输入电平 rms=0.00000
2026-06-11 17:01:22.504 | INFO     | src.core.pipeline:_inbound_loop:620 | 系统音频输入电平 rms=0.00000
2026-06-11 17:01:23.571 | INFO     | src.core.pipeline:_inbound_loop:620 | 系统音频输入电平 rms=0.00000
2026-06-11 17:01:24.595 | INFO     | src.core.pipeline:_inbound_loop:620 | 系统音频输入电平 rms=0.00000
2026-06-11 17:01:25.662 | INFO     | src.core.pipeline:_inbound_loop:620 | 系统音频输入电平 rms=0.00000
2026-06-11 17:01:26.686 | INFO     | src.core.pipeline:_inbound_loop:620 | 系统音频输入电平 rms=0.00000
2026-06-11 17:01:27.753 | INFO     | src.core.pipeline:_inbound_loop:620 | 系统音频输入电平 rms=0.00000
2026-06-11 17:01:28.776 | INFO     | src.core.pipeline:_inbound_loop:620 | 系统音频输入电平 rms=0.00000
2026-06-11 17:01:29.843 | INFO     | src.core.pipeline:_inbound_loop:620 | 系统音频输入电平 rms=0.00000
2026-06-11 17:01:30.867 | INFO     | src.core.pipeline:_inbound_loop:620 | 系统音频输入电平 rms=0.00000
2026-06-11 17:01:31.891 | INFO     | src.core.pipeline:_inbound_loop:620 | 系统音频输入电平 rms=0.00000
2026-06-11 17:01:32.915 | INFO     | src.core.pipeline:_inbound_loop:620 | 系统音频输入电平 rms=0.00000
2026-06-11 17:01:33.939 | INFO     | src.core.pipeline:_inbound_loop:620 | 系统音频输入电平 rms=0.00000
2026-06-11 17:01:34.963 | INFO     | src.core.pipeline:_inbound_loop:620 | 系统音频输入电平 rms=0.00000
2026-06-11 17:01:35.987 | INFO     | src.core.pipeline:_inbound_loop:620 | 系统音频输入电平 rms=0.00000
2026-06-11 17:01:37.011 | INFO     | src.core.pipeline:_inbound_loop:620 | 系统音频输入电平 rms=0.00000
2026-06-11 17:01:38.035 | INFO     | src.core.pipeline:_inbound_loop:620 | 系统音频输入电平 rms=0.00000
2026-06-11 17:01:39.059 | INFO     | src.core.pipeline:_inbound_loop:620 | 系统音频输入电平 rms=0.01098
2026-06-11 17:01:40.125 | INFO     | src.core.pipeline:_inbound_loop:620 | 系统音频输入电平 rms=0.00000
2026-06-11 17:01:41.192 | INFO     | src.core.pipeline:_inbound_loop:620 | 系统音频输入电平 rms=0.00000
2026-06-11 17:01:42.216 | INFO     | src.core.pipeline:_inbound_loop:620 | 系统音频输入电平 rms=0.00000
2026-06-11 17:01:43.240 | INFO     | src.core.pipeline:_inbound_loop:620 | 系统音频输入电平 rms=0.00000
2026-06-11 17:01:44.264 | INFO     | src.core.pipeline:_inbound_loop:620 | 系统音频输入电平 rms=0.00000
2026-06-11 17:01:45.360 | INFO     | src.core.pipeline:_inbound_loop:620 | 系统音频输入电平 rms=0.00000
2026-06-11 17:01:46.440 | INFO     | src.core.pipeline:_inbound_loop:620 | 系统音频输入电平 rms=0.00000
2026-06-11 17:01:47.507 | INFO     | src.core.pipeline:_inbound_loop:620 | 系统音频输入电平 rms=0.00000
2026-06-11 17:01:48.531 | INFO     | src.core.pipeline:_inbound_loop:620 | 系统音频输入电平 rms=0.00000
2026-06-11 17:01:49.597 | INFO     | src.core.pipeline:_inbound_loop:620 | 系统音频输入电平 rms=0.00000
2026-06-11 17:01:50.621 | INFO     | src.core.pipeline:_inbound_loop:620 | 系统音频输入电平 rms=0.00000
2026-06-11 17:01:51.645 | INFO     | src.core.pipeline:_inbound_loop:620 | 系统音频输入电平 rms=0.00000
2026-06-11 17:01:52.669 | INFO     | src.core.pipeline:_inbound_loop:620 | 系统音频输入电平 rms=0.00000
2026-06-11 17:01:53.736 | INFO     | src.core.pipeline:_inbound_loop:620 | 系统音频输入电平 rms=0.00000
2026-06-11 17:01:54.759 | INFO     | src.core.pipeline:_inbound_loop:620 | 系统音频输入电平 rms=0.00000
2026-06-11 17:01:55.827 | INFO     | src.core.pipeline:_inbound_loop:620 | 系统音频输入电平 rms=0.00000
2026-06-11 17:01:56.850 | INFO     | src.core.pipeline:_inbound_loop:620 | 系统音频输入电平 rms=0.00000
2026-06-11 17:01:57.874 | INFO     | src.core.pipeline:_inbound_loop:620 | 系统音频输入电平 rms=0.00000
2026-06-11 17:01:58.898 | INFO     | src.core.pipeline:_inbound_loop:620 | 系统音频输入电平 rms=0.00000
2026-06-11 17:01:59.922 | INFO     | src.core.pipeline:_inbound_loop:620 | 系统音频输入电平 rms=0.00000
2026-06-11 17:02:00.946 | INFO     | src.core.pipeline:_inbound_loop:620 | 系统音频输入电平 rms=0.00000
2026-06-11 17:02:02.013 | INFO     | src.core.pipeline:_inbound_loop:620 | 系统音频输入电平 rms=0.00000
2026-06-11 17:02:03.037 | INFO     | src.core.pipeline:_inbound_loop:620 | 系统音频输入电平 rms=0.00000
2026-06-11 17:02:04.103 | INFO     | src.core.pipeline:_inbound_loop:620 | 系统音频输入电平 rms=0.00000
2026-06-11 17:02:05.127 | INFO     | src.core.pipeline:_inbound_loop:620 | 系统音频输入电平 rms=0.00000
2026-06-11 17:02:06.152 | INFO     | src.core.pipeline:_inbound_loop:620 | 系统音频输入电平 rms=0.00000
2026-06-11 17:02:07.175 | INFO     | src.core.pipeline:_inbound_loop:620 | 系统音频输入电平 rms=0.00000
2026-06-11 17:02:08.199 | INFO     | src.core.pipeline:_inbound_loop:620 | 系统音频输入电平 rms=0.00000
2026-06-11 17:02:09.223 | INFO     | src.core.pipeline:_inbound_loop:620 | 系统音频输入电平 rms=0.00000
2026-06-11 17:02:10.247 | INFO     | src.core.pipeline:_inbound_loop:620 | 系统音频输入电平 rms=0.00000
2026-06-11 17:02:11.349 | INFO     | src.core.pipeline:_inbound_loop:620 | 系统音频输入电平 rms=0.00000
2026-06-11 17:02:12.423 | INFO     | src.core.pipeline:_inbound_loop:620 | 系统音频输入电平 rms=0.00000
2026-06-11 17:02:13.447 | INFO     | src.core.pipeline:_inbound_loop:620 | 系统音频输入电平 rms=0.00000
2026-06-11 17:02:14.471 | INFO     | src.core.pipeline:_inbound_loop:620 | 系统音频输入电平 rms=0.00000
2026-06-11 17:02:15.495 | INFO     | src.core.pipeline:_inbound_loop:620 | 系统音频输入电平 rms=0.00000
2026-06-11 17:02:16.519 | INFO     | src.core.pipeline:_inbound_loop:620 | 系统音频输入电平 rms=0.00000
2026-06-11 17:02:17.586 | INFO     | src.core.pipeline:_inbound_loop:620 | 系统音频输入电平 rms=0.00000
2026-06-11 17:02:18.610 | INFO     | src.core.pipeline:_inbound_loop:620 | 系统音频输入电平 rms=0.00000
2026-06-11 17:02:19.676 | INFO     | src.core.pipeline:_inbound_loop:620 | 系统音频输入电平 rms=0.00000
2026-06-11 17:02:20.701 | INFO     | src.core.pipeline:_inbound_loop:620 | 系统音频输入电平 rms=0.00000
2026-06-11 17:02:21.767 | INFO     | src.core.pipeline:_inbound_loop:620 | 系统音频输入电平 rms=0.00000
2026-06-11 17:02:23.378 | INFO     | src.core.pipeline:_inbound_loop:620 | 系统音频输入电平 rms=0.00885
2026-06-11 17:02:25.384 | INFO     | src.core.pipeline:_inbound_loop:620 | 系统音频输入电平 rms=0.10243
2026-06-11 17:02:27.368 | INFO     | src.core.pipeline:_inbound_loop:620 | 系统音频输入电平 rms=0.04980
2026-06-11 17:02:30.945 | DEBUG    | src.core.asr_engine:transcribe:427 | ASR: All men seem to be long term members of the faculty, and that's what we call
2026-06-11 17:02:30.946 | ERROR    | src.core.hunyuan_engine:translate:170 | 腾讯混元翻译处理失败：TokenizersBackend has no attribute lang_code_to_id
2026-06-11 17:02:30.946 | INFO     | src.core.pipeline:_inbound_loop:620 | 系统音频输入电平 rms=0.00822
2026-06-11 17:02:33.390 | INFO     | src.core.pipeline:_inbound_loop:620 | 系统音频输入电平 rms=0.00330
2026-06-11 17:02:35.367 | INFO     | src.core.pipeline:_inbound_loop:620 | 系统音频输入电平 rms=0.19320
2026-06-11 17:02:38.017 | DEBUG    | src.core.asr_engine:transcribe:427 | ASR: So I've always fascinated with him. How could it be that
2026-06-11 17:02:38.018 | ERROR    | src.core.hunyuan_engine:translate:170 | 腾讯混元翻译处理失败：TokenizersBackend has no attribute lang_code_to_id
2026-06-11 17:02:38.019 | INFO     | src.core.pipeline:_inbound_loop:620 | 系统音频输入电平 rms=0.14691
2026-06-11 17:02:39.378 | INFO     | src.core.pipeline:_inbound_loop:620 | 系统音频输入电平 rms=0.11409
2026-06-11 17:02:41.385 | INFO     | src.core.pipeline:_inbound_loop:620 | 系统音频输入电平 rms=0.09849
2026-06-11 17:02:44.426 | DEBUG    | src.core.asr_engine:transcribe:427 | ASR: The last of the moments, the issue of the present moment.
2026-06-11 17:02:44.427 | ERROR    | src.core.hunyuan_engine:translate:170 | 腾讯混元翻译处理失败：TokenizersBackend has no attribute lang_code_to_id
2026-06-11 17:02:44.433 | INFO     | src.core.pipeline:_inbound_loop:620 | 系统音频输入电平 rms=0.00000
2026-06-11 17:02:45.447 | INFO     | src.core.pipeline:_inbound_loop:620 | 系统音频输入电平 rms=0.00000
2026-06-11 17:02:46.471 | INFO     | src.core.pipeline:_inbound_loop:620 | 系统音频输入电平 rms=0.00000
2026-06-11 17:02:47.495 | INFO     | src.core.pipeline:_inbound_loop:620 | 系统音频输入电平 rms=0.00000
2026-06-11 17:02:48.518 | INFO     | src.core.pipeline:_inbound_loop:620 | 系统音频输入电平 rms=0.00000
2026-06-11 17:02:49.542 | INFO     | src.core.pipeline:_inbound_loop:620 | 系统音频输入电平 rms=0.00000
2026-06-11 17:02:50.566 | INFO     | src.core.pipeline:_inbound_loop:620 | 系统音频输入电平 rms=0.00000
2026-06-11 17:02:51.590 | INFO     | src.core.pipeline:_inbound_loop:620 | 系统音频输入电平 rms=0.00000
2026-06-11 17:02:52.614 | INFO     | src.core.pipeline:_inbound_loop:620 | 系统音频输入电平 rms=0.00000
2026-06-11 17:02:53.638 | INFO     | src.core.pipeline:_inbound_loop:620 | 系统音频输入电平 rms=0.00000
2026-06-11 17:23:50.730 | INFO     | src.utils.logger:setup_logger:31 | 日志系统初始化完成
2026-06-11 17:23:50.730 | INFO     | src.main:main:40 | ============================================================
2026-06-11 17:23:50.730 | INFO     | src.main:main:41 | 友译 v0.1.0 启动
2026-06-11 17:23:50.730 | INFO     | src.main:main:42 | 实时游戏语音双向翻译系统
2026-06-11 17:23:50.730 | INFO     | src.main:main:43 | ============================================================
2026-06-11 17:23:51.068 | INFO     | src.main:main:67 | GUI 已启动
2026-06-11 17:23:52.759 | INFO     | src.core.pipeline:__init__:91 | 使用腾讯混元 HY-MT1.5-1.8B 本地翻译模型
2026-06-11 17:23:57.490 | INFO     | src.core.hunyuan_engine:load_model:76 | 加载 HY-MT1.5-1.8B 模型：/home/fiend/WorkSpace/python/translator_intime/models/HY-MT1.5-1.8B
2026-06-11 17:23:58.827 | INFO     | src.core.hunyuan_engine:load_model:89 | HY-MT1.5-1.8B 模型加载成功 ✓
2026-06-11 17:23:58.827 | INFO     | src.core.translator:_init_client:109 | 翻译后端: hunyuan (降级: microsoft, google)
2026-06-11 17:23:58.828 | INFO     | src.core.pipeline:initialize:222 | 初始化翻译管道...
2026-06-11 17:23:58.839 | INFO     | src.audio.virtual_device:_linux_create_speaker:60 | 虚拟音频设备 'translator_virtual' 已存在
2026-06-11 17:23:58.839 | INFO     | src.audio.virtual_device:_linux_create_mic_monitor:84 | Monitor 源自动可用: translator_virtual_sink.monitor
2026-06-11 17:23:58.839 | INFO     | src.core.pipeline:_ensure_asr_models_loaded:248 | 检测本地 ASR 模型（backend=qwen3）...
2026-06-11 17:24:01.115 | INFO     | src.core.asr_engine:_load_qwen3_model:270 | 加载 Qwen3-ASR 模型: Qwen/Qwen3-ASR-0.6B, device=cpu, hub=ms
2026-06-11 17:24:02.166 | WARNING  | src.core.asr_engine:_load_qwen3_model:283 | Qwen3-ASR 模型加载失败 (hub=ms): qwen-asr package is required. Install with: pip install qwen-asr
2026-06-11 17:24:02.166 | INFO     | src.core.asr_engine:_load_qwen3_model:270 | 加载 Qwen3-ASR 模型: Qwen/Qwen3-ASR-0.6B, device=cpu, hub=hf
2026-06-11 17:24:03.541 | WARNING  | src.core.asr_engine:_load_qwen3_model:283 | Qwen3-ASR 模型加载失败 (hub=hf): qwen-asr package is required. Install with: pip install qwen-asr
2026-06-11 17:24:03.541 | ERROR    | src.core.asr_engine:_load_qwen3_model:286 | Qwen3-ASR 本地模型未找到，请手动下载模型:
  1. 安装 modelscope: pip install modelscope
  2. 下载模型: python -c "from modelscope import snapshot_download; snapshot_download('Qwen/Qwen3-ASR-0.6B', cache_dir='./models')"
  3. 重新启动应用
2026-06-11 17:24:03.542 | INFO     | src.core.asr_engine:_load_funasr_model:120 | 加载 FunASR 模型: FunAudioLLM/Fun-ASR-Nano-2512, device=cpu, hub=ms
2026-06-11 17:24:27.474 | INFO     | src.main:cleanup:57 | 收到退出信号，正在清理...
2026-06-11 17:26:09.718 | INFO     | src.utils.logger:setup_logger:31 | 日志系统初始化完成
2026-06-11 17:26:09.718 | INFO     | src.main:main:40 | ============================================================
2026-06-11 17:26:09.718 | INFO     | src.main:main:41 | 友译 v0.1.0 启动
2026-06-11 17:26:09.719 | INFO     | src.main:main:42 | 实时游戏语音双向翻译系统
2026-06-11 17:26:09.719 | INFO     | src.main:main:43 | ============================================================
2026-06-11 17:26:10.100 | INFO     | src.main:main:67 | GUI 已启动
2026-06-11 17:26:11.101 | INFO     | src.core.pipeline:__init__:91 | 使用腾讯混元 HY-MT1.5-1.8B 本地翻译模型
2026-06-11 17:26:15.681 | INFO     | src.core.hunyuan_engine:load_model:76 | 加载 HY-MT1.5-1.8B 模型：/home/fiend/WorkSpace/python/translator_intime/models/HY-MT1.5-1.8B
2026-06-11 17:26:16.926 | INFO     | src.core.hunyuan_engine:load_model:89 | HY-MT1.5-1.8B 模型加载成功 ✓
2026-06-11 17:26:16.926 | INFO     | src.core.translator:_init_client:109 | 翻译后端: hunyuan (降级: microsoft, google)
2026-06-11 17:26:16.926 | INFO     | src.core.pipeline:initialize:222 | 初始化翻译管道...
2026-06-11 17:26:16.935 | INFO     | src.audio.virtual_device:_linux_create_speaker:60 | 虚拟音频设备 'translator_virtual' 已存在
2026-06-11 17:26:16.936 | INFO     | src.audio.virtual_device:_linux_create_mic_monitor:84 | Monitor 源自动可用: translator_virtual_sink.monitor
2026-06-11 17:26:16.936 | INFO     | src.core.pipeline:_ensure_asr_models_loaded:248 | 检测本地 ASR 模型（backend=qwen3）...
2026-06-11 17:26:19.330 | INFO     | src.core.asr_engine:_load_qwen3_model:270 | 加载 Qwen3-ASR 模型: Qwen/Qwen3-ASR-0.6B, device=cpu, hub=ms
2026-06-11 17:26:20.423 | WARNING  | src.core.asr_engine:_load_qwen3_model:283 | Qwen3-ASR 模型加载失败 (hub=ms): qwen-asr package is required. Install with: pip install qwen-asr
2026-06-11 17:26:20.423 | INFO     | src.core.asr_engine:_load_qwen3_model:270 | 加载 Qwen3-ASR 模型: Qwen/Qwen3-ASR-0.6B, device=cpu, hub=hf
2026-06-11 17:26:21.609 | WARNING  | src.core.asr_engine:_load_qwen3_model:283 | Qwen3-ASR 模型加载失败 (hub=hf): qwen-asr package is required. Install with: pip install qwen-asr
2026-06-11 17:26:21.609 | ERROR    | src.core.asr_engine:_load_qwen3_model:286 | Qwen3-ASR 本地模型未找到，请手动下载模型:
  1. 安装 modelscope: pip install modelscope
  2. 下载模型: python -c "from modelscope import snapshot_download; snapshot_download('Qwen/Qwen3-ASR-0.6B', cache_dir='./models')"
  3. 重新启动应用
2026-06-11 17:26:21.610 | INFO     | src.core.asr_engine:_load_funasr_model:120 | 加载 FunASR 模型: FunAudioLLM/Fun-ASR-Nano-2512, device=cpu, hub=ms
2026-06-11 17:28:38.275 | INFO     | src.utils.logger:setup_logger:31 | 日志系统初始化完成
2026-06-11 17:28:38.275 | INFO     | src.main:main:40 | ============================================================
2026-06-11 17:28:38.275 | INFO     | src.main:main:41 | 友译 v0.1.0 启动
2026-06-11 17:28:38.276 | INFO     | src.main:main:42 | 实时游戏语音双向翻译系统
2026-06-11 17:28:38.276 | INFO     | src.main:main:43 | ============================================================
2026-06-11 17:28:38.685 | INFO     | src.main:main:67 | GUI 已启动
2026-06-11 17:28:40.173 | INFO     | src.core.pipeline:__init__:91 | 使用腾讯混元 HY-MT1.5-1.8B 本地翻译模型
2026-06-11 17:28:44.172 | INFO     | src.core.hunyuan_engine:load_model:76 | 加载 HY-MT1.5-1.8B 模型：/home/fiend/WorkSpace/python/translator_intime/models/HY-MT1.5-1.8B
2026-06-11 17:28:45.422 | INFO     | src.core.hunyuan_engine:load_model:89 | HY-MT1.5-1.8B 模型加载成功 ✓
2026-06-11 17:28:45.422 | INFO     | src.core.translator:_init_client:109 | 翻译后端: hunyuan (降级: microsoft, google)
2026-06-11 17:28:45.422 | INFO     | src.core.pipeline:initialize:222 | 初始化翻译管道...
2026-06-11 17:28:45.433 | INFO     | src.audio.virtual_device:_linux_create_speaker:60 | 虚拟音频设备 'translator_virtual' 已存在
2026-06-11 17:28:45.433 | INFO     | src.audio.virtual_device:_linux_create_mic_monitor:84 | Monitor 源自动可用: translator_virtual_sink.monitor
2026-06-11 17:28:45.433 | INFO     | src.core.pipeline:_ensure_asr_models_loaded:248 | 检测本地 ASR 模型（backend=qwen3）...
2026-06-11 17:28:47.535 | INFO     | src.core.asr_engine:_load_qwen3_model:270 | 加载 Qwen3-ASR 模型: Qwen/Qwen3-ASR-0.6B, device=cpu, hub=ms
2026-06-11 17:28:48.440 | WARNING  | src.core.asr_engine:_load_qwen3_model:283 | Qwen3-ASR 模型加载失败 (hub=ms): qwen-asr package is required. Install with: pip install qwen-asr
2026-06-11 17:28:48.440 | INFO     | src.core.asr_engine:_load_qwen3_model:270 | 加载 Qwen3-ASR 模型: Qwen/Qwen3-ASR-0.6B, device=cpu, hub=hf
2026-06-11 17:28:49.687 | WARNING  | src.core.asr_engine:_load_qwen3_model:283 | Qwen3-ASR 模型加载失败 (hub=hf): qwen-asr package is required. Install with: pip install qwen-asr
2026-06-11 17:28:49.687 | ERROR    | src.core.asr_engine:_load_qwen3_model:286 | Qwen3-ASR 本地模型未找到，请手动下载模型:
  1. 安装 modelscope: pip install modelscope
  2. 下载模型: python -c "from modelscope import snapshot_download; snapshot_download('Qwen/Qwen3-ASR-0.6B', cache_dir='./models')"
  3. 重新启动应用
2026-06-11 17:28:49.687 | INFO     | src.core.asr_engine:_load_funasr_model:120 | 加载 FunASR 模型: FunAudioLLM/Fun-ASR-Nano-2512, device=cpu, hub=ms
2026-06-11 17:51:13.587 | INFO     | src.utils.logger:setup_logger:31 | 日志系统初始化完成
2026-06-11 17:51:13.588 | INFO     | src.main:main:40 | ============================================================
2026-06-11 17:51:13.588 | INFO     | src.main:main:41 | 友译 v0.1.0 启动
2026-06-11 17:51:13.588 | INFO     | src.main:main:42 | 实时游戏语音双向翻译系统
2026-06-11 17:51:13.588 | INFO     | src.main:main:43 | ============================================================
2026-06-11 17:51:14.001 | INFO     | src.main:main:67 | GUI 已启动
2026-06-11 17:51:15.096 | INFO     | src.core.pipeline:__init__:91 | 使用腾讯混元 HY-MT1.5-1.8B 本地翻译模型
2026-06-11 17:51:19.879 | INFO     | src.core.hunyuan_engine:load_model:76 | 加载 HY-MT1.5-1.8B 模型：/home/fiend/WorkSpace/python/translator_intime/models/HY-MT1.5-1.8B
2026-06-11 17:51:20.577 | INFO     | src.core.hunyuan_engine:load_model:89 | HY-MT1.5-1.8B 模型加载成功 ✓
2026-06-11 17:51:20.577 | INFO     | src.core.translator:_init_client:109 | 翻译后端: hunyuan (降级: microsoft, google)
2026-06-11 17:51:20.578 | INFO     | src.core.pipeline:initialize:222 | 初始化翻译管道...
2026-06-11 17:51:20.588 | INFO     | src.audio.virtual_device:_linux_create_speaker:60 | 虚拟音频设备 'translator_virtual' 已存在
2026-06-11 17:51:20.588 | INFO     | src.audio.virtual_device:_linux_create_mic_monitor:84 | Monitor 源自动可用: translator_virtual_sink.monitor
2026-06-11 17:51:20.588 | INFO     | src.core.pipeline:_ensure_asr_models_loaded:248 | 检测本地 ASR 模型（backend=qwen3）...
2026-06-11 17:51:22.419 | INFO     | src.core.asr_engine:_load_qwen3_model:285 | 加载 Qwen3-ASR 模型: /home/fiend/WorkSpace/python/translator_intime/models/Qwen/Qwen3-ASR-0___6B, device=cpu
2026-06-11 17:51:24.708 | INFO     | src.core.asr_engine:_load_qwen3_model:291 | Qwen3-ASR 模型加载成功 ✓
2026-06-11 17:51:24.708 | INFO     | src.core.asr_engine:share_model_from:54 | ASR 模型已复用（backend=qwen3, language=en）
2026-06-11 17:51:24.708 | INFO     | src.core.pipeline:initialize:238 | TTS输出: 系统默认扬声器
2026-06-11 17:51:24.709 | INFO     | src.core.pipeline:initialize:240 | 翻译管道初始化完成
2026-06-11 17:51:24.730 | INFO     | src.audio.stream:_open_sounddevice_input:252 | 音频输入流已打开 (device=None, sr=16000)
2026-06-11 17:51:24.731 | INFO     | src.audio.stream:_open_pulse_input:301 | PulseAudio输入流已打开 (source=translator_virtual_sink.monitor, sr=16000)
2026-06-11 17:51:24.731 | INFO     | src.core.pipeline:start:300 | 游戏声音捕获已开启
2026-06-11 17:51:24.732 | INFO     | src.core.pipeline:start:318 | ✅ 腾讯混元本地翻译双向管道已启动（出站 + 入站）
2026-06-11 17:51:24.732 | INFO     | src.core.pipeline:_outbound_loop:509 | 出站管道(中->外) 启动
2026-06-11 17:51:24.780 | INFO     | src.core.pipeline:_inbound_loop:605 | 入站管道(外->中) 启动
2026-06-11 17:51:26.727 | INFO     | src.core.pipeline:_inbound_loop:620 | 系统音频输入电平 rms=0.00000
2026-06-11 17:51:27.729 | INFO     | src.core.pipeline:_inbound_loop:620 | 系统音频输入电平 rms=0.00000
2026-06-11 17:51:28.732 | INFO     | src.core.pipeline:_inbound_loop:620 | 系统音频输入电平 rms=0.00000
2026-06-11 17:51:29.735 | INFO     | src.core.pipeline:_inbound_loop:620 | 系统音频输入电平 rms=0.00000
2026-06-11 17:51:30.737 | INFO     | src.core.pipeline:_inbound_loop:620 | 系统音频输入电平 rms=0.00000
2026-06-11 17:51:31.740 | INFO     | src.core.pipeline:_inbound_loop:620 | 系统音频输入电平 rms=0.00000
2026-06-11 17:51:32.743 | INFO     | src.core.pipeline:_inbound_loop:620 | 系统音频输入电平 rms=0.00000
2026-06-11 17:51:33.745 | INFO     | src.core.pipeline:_inbound_loop:620 | 系统音频输入电平 rms=0.00000
2026-06-11 17:51:34.748 | INFO     | src.core.pipeline:_inbound_loop:620 | 系统音频输入电平 rms=0.00000
2026-06-11 17:51:35.831 | INFO     | src.core.pipeline:_inbound_loop:620 | 系统音频输入电平 rms=0.00000
2026-06-11 17:51:36.897 | INFO     | src.core.pipeline:_inbound_loop:620 | 系统音频输入电平 rms=0.00352
2026-06-11 17:51:38.753 | INFO     | src.core.pipeline:_inbound_loop:620 | 系统音频输入电平 rms=0.09925
2026-06-11 17:51:40.759 | INFO     | src.core.pipeline:_inbound_loop:620 | 系统音频输入电平 rms=0.16387
2026-06-11 17:51:42.742 | INFO     | src.core.pipeline:_inbound_loop:620 | 系统音频输入电平 rms=0.04577
2026-06-11 17:51:47.128 | ERROR    | src.core.asr_engine:_transcribe_qwen3:438 | Qwen3-ASR 识别失败: Unsupported language: En. Supported: ['Chinese', 'English', 'Cantonese', 'Arabic', 'German', 'French', 'Spanish', 'Portuguese', 'Indonesian', 'Italian', 'Korean', 'Russian', 'Thai', 'Vietnamese', 'Japanese', 'Turkish', 'Hindi', 'Malay', 'Dutch', 'Swedish', 'Danish', 'Finnish', 'Polish', 'Czech', 'Filipino', 'Persian', 'Greek', 'Romanian', 'Hungarian', 'Macedonian']
2026-06-11 17:51:47.128 | INFO     | src.core.pipeline:_inbound_loop:620 | 系统音频输入电平 rms=0.08012
2026-06-11 17:51:48.758 | INFO     | src.core.pipeline:_inbound_loop:620 | 系统音频输入电平 rms=0.15518
2026-06-11 17:51:50.742 | INFO     | src.core.pipeline:_inbound_loop:620 | 系统音频输入电平 rms=0.15983
2026-06-11 17:51:50.753 | ERROR    | src.core.asr_engine:_transcribe_qwen3:438 | Qwen3-ASR 识别失败: Unsupported language: En. Supported: ['Chinese', 'English', 'Cantonese', 'Arabic', 'German', 'French', 'Spanish', 'Portuguese', 'Indonesian', 'Italian', 'Korean', 'Russian', 'Thai', 'Vietnamese', 'Japanese', 'Turkish', 'Hindi', 'Malay', 'Dutch', 'Swedish', 'Danish', 'Finnish', 'Polish', 'Czech', 'Filipino', 'Persian', 'Greek', 'Romanian', 'Hungarian', 'Macedonian']
2026-06-11 17:51:52.748 | INFO     | src.core.pipeline:_inbound_loop:620 | 系统音频输入电平 rms=0.00636
2026-06-11 17:51:54.753 | INFO     | src.core.pipeline:_inbound_loop:620 | 系统音频输入电平 rms=0.11541
2026-06-11 17:58:21.718 | INFO     | src.utils.logger:setup_logger:31 | 日志系统初始化完成
2026-06-11 17:58:21.718 | INFO     | src.main:main:40 | ============================================================
2026-06-11 17:58:21.718 | INFO     | src.main:main:41 | 友译 v0.1.0 启动
2026-06-11 17:58:21.719 | INFO     | src.main:main:42 | 实时游戏语音双向翻译系统
2026-06-11 17:58:21.719 | INFO     | src.main:main:43 | ============================================================
2026-06-11 17:58:22.283 | INFO     | src.main:main:67 | GUI 已启动
2026-06-11 17:58:23.879 | INFO     | src.core.pipeline:__init__:91 | 使用腾讯混元 HY-MT1.5-1.8B 本地翻译模型
2026-06-11 17:58:31.412 | INFO     | src.core.hunyuan_engine:load_model:76 | 加载 HY-MT1.5-1.8B 模型：/home/fiend/WorkSpace/python/translator_intime/models/HY-MT1.5-1.8B
2026-06-11 17:58:32.320 | INFO     | src.core.hunyuan_engine:load_model:89 | HY-MT1.5-1.8B 模型加载成功 ✓
2026-06-11 17:58:32.320 | INFO     | src.core.translator:_init_client:109 | 翻译后端: hunyuan (降级: microsoft, google)
2026-06-11 17:58:32.321 | INFO     | src.core.pipeline:initialize:222 | 初始化翻译管道...
2026-06-11 17:58:32.335 | INFO     | src.audio.virtual_device:_linux_create_speaker:60 | 虚拟音频设备 'translator_virtual' 已存在
2026-06-11 17:58:32.335 | INFO     | src.audio.virtual_device:_linux_create_mic_monitor:84 | Monitor 源自动可用: translator_virtual_sink.monitor
2026-06-11 17:58:32.335 | INFO     | src.core.pipeline:_ensure_asr_models_loaded:248 | 检测本地 ASR 模型（backend=qwen3）...
2026-06-11 17:58:35.948 | INFO     | src.core.asr_engine:_load_qwen3_model:285 | 加载 Qwen3-ASR 模型: /home/fiend/WorkSpace/python/translator_intime/models/Qwen/Qwen3-ASR-0___6B, device=cpu
2026-06-11 17:58:39.627 | INFO     | src.core.asr_engine:_load_qwen3_model:291 | Qwen3-ASR 模型加载成功 ✓
2026-06-11 17:58:39.631 | INFO     | src.core.asr_engine:share_model_from:54 | ASR 模型已复用（backend=qwen3, language=en）
2026-06-11 17:58:39.632 | INFO     | src.core.pipeline:initialize:238 | TTS输出: 系统默认扬声器
2026-06-11 17:58:39.632 | INFO     | src.core.pipeline:initialize:240 | 翻译管道初始化完成
2026-06-11 17:58:39.673 | INFO     | src.audio.stream:_open_sounddevice_input:252 | 音频输入流已打开 (device=None, sr=16000)
2026-06-11 17:58:39.678 | INFO     | src.audio.stream:_open_pulse_input:301 | PulseAudio输入流已打开 (source=translator_virtual_sink.monitor, sr=16000)
2026-06-11 17:58:39.678 | INFO     | src.core.pipeline:start:300 | 游戏声音捕获已开启
2026-06-11 17:58:39.678 | INFO     | src.core.pipeline:start:318 | ✅ 腾讯混元本地翻译双向管道已启动（出站 + 入站）
2026-06-11 17:58:39.679 | INFO     | src.core.pipeline:_outbound_loop:509 | 出站管道(中->外) 启动
2026-06-11 17:58:39.729 | INFO     | src.core.pipeline:_inbound_loop:605 | 入站管道(外->中) 启动
2026-06-11 17:58:41.692 | INFO     | src.core.pipeline:_inbound_loop:620 | 系统音频输入电平 rms=0.00000
2026-06-11 17:58:42.714 | INFO     | src.core.pipeline:_inbound_loop:620 | 系统音频输入电平 rms=0.00000
2026-06-11 17:58:43.719 | INFO     | src.core.pipeline:_inbound_loop:620 | 系统音频输入电平 rms=0.00000
2026-06-11 17:58:44.724 | INFO     | src.core.pipeline:_inbound_loop:620 | 系统音频输入电平 rms=0.00000
2026-06-11 17:58:45.728 | INFO     | src.core.pipeline:_inbound_loop:620 | 系统音频输入电平 rms=0.00461
2026-06-11 17:58:47.729 | INFO     | src.core.pipeline:_inbound_loop:620 | 系统音频输入电平 rms=0.01431
2026-06-11 17:58:49.712 | INFO     | src.core.pipeline:_inbound_loop:620 | 系统音频输入电平 rms=0.06164
2026-06-11 17:58:51.717 | INFO     | src.core.pipeline:_inbound_loop:620 | 系统音频输入电平 rms=0.00219
2026-06-11 17:58:59.167 | DEBUG    | src.core.asr_engine:transcribe:504 | ASR: So many lives that I had. I discovered I experienced.
2026-06-11 17:58:59.169 | ERROR    | src.core.hunyuan_engine:translate:173 | 腾讯混元翻译处理失败：The following `model_kwargs` are not used by the model: ['token_type_ids'] (note: typos in the generate arguments will also show up in this list)
2026-06-11 17:58:59.180 | INFO     | src.core.pipeline:_inbound_loop:620 | 系统音频输入电平 rms=0.03538
2026-06-11 17:59:00.207 | INFO     | src.core.pipeline:_inbound_loop:620 | 系统音频输入电平 rms=0.00284
2026-06-11 18:04:42.456 | INFO     | src.utils.logger:setup_logger:31 | 日志系统初始化完成
2026-06-11 18:04:42.457 | INFO     | src.main:main:40 | ============================================================
2026-06-11 18:04:42.457 | INFO     | src.main:main:41 | 友译 v0.1.0 启动
2026-06-11 18:04:42.457 | INFO     | src.main:main:42 | 实时游戏语音双向翻译系统
2026-06-11 18:04:42.457 | INFO     | src.main:main:43 | ============================================================
2026-06-11 18:04:42.917 | INFO     | src.main:main:67 | GUI 已启动
2026-06-11 18:04:43.990 | INFO     | src.core.pipeline:__init__:91 | 使用腾讯混元 HY-MT1.5-1.8B 本地翻译模型
2026-06-11 18:04:49.318 | INFO     | src.core.hunyuan_engine:load_model:76 | 加载 HY-MT1.5-1.8B 模型：/home/fiend/WorkSpace/python/translator_intime/models/HY-MT1.5-1.8B
2026-06-11 18:04:49.936 | INFO     | src.core.hunyuan_engine:load_model:89 | HY-MT1.5-1.8B 模型加载成功 ✓
2026-06-11 18:04:49.936 | INFO     | src.core.translator:_init_client:109 | 翻译后端: hunyuan (降级: microsoft, google)
2026-06-11 18:04:49.936 | INFO     | src.core.pipeline:initialize:222 | 初始化翻译管道...
2026-06-11 18:04:49.947 | INFO     | src.audio.virtual_device:_linux_create_speaker:60 | 虚拟音频设备 'translator_virtual' 已存在
2026-06-11 18:04:49.947 | INFO     | src.audio.virtual_device:_linux_create_mic_monitor:84 | Monitor 源自动可用: translator_virtual_sink.monitor
2026-06-11 18:04:49.947 | INFO     | src.core.pipeline:_ensure_asr_models_loaded:248 | 检测本地 ASR 模型（backend=qwen3）...
2026-06-11 18:04:51.995 | INFO     | src.core.asr_engine:_load_qwen3_model:285 | 加载 Qwen3-ASR 模型: /home/fiend/WorkSpace/python/translator_intime/models/Qwen/Qwen3-ASR-0___6B, device=cpu
2026-06-11 18:04:53.622 | INFO     | src.core.asr_engine:_load_qwen3_model:291 | Qwen3-ASR 模型加载成功 ✓
2026-06-11 18:04:53.622 | INFO     | src.core.asr_engine:share_model_from:54 | ASR 模型已复用（backend=qwen3, language=en）
2026-06-11 18:04:53.622 | INFO     | src.core.pipeline:initialize:238 | TTS输出: 系统默认扬声器
2026-06-11 18:04:53.622 | INFO     | src.core.pipeline:initialize:240 | 翻译管道初始化完成
2026-06-11 18:04:53.643 | INFO     | src.audio.stream:_open_sounddevice_input:252 | 音频输入流已打开 (device=None, sr=16000)
2026-06-11 18:04:53.644 | INFO     | src.audio.stream:_open_pulse_input:301 | PulseAudio输入流已打开 (source=translator_virtual_sink.monitor, sr=16000)
2026-06-11 18:04:53.644 | INFO     | src.core.pipeline:start:300 | 游戏声音捕获已开启
2026-06-11 18:04:53.644 | INFO     | src.core.pipeline:start:318 | ✅ 腾讯混元本地翻译双向管道已启动（出站 + 入站）
2026-06-11 18:04:53.644 | INFO     | src.core.pipeline:_outbound_loop:509 | 出站管道(中->外) 启动
2026-06-11 18:04:53.693 | INFO     | src.core.pipeline:_inbound_loop:605 | 入站管道(外->中) 启动
2026-06-11 18:04:55.655 | INFO     | src.core.pipeline:_inbound_loop:620 | 系统音频输入电平 rms=0.00108
2026-06-11 18:04:57.661 | INFO     | src.core.pipeline:_inbound_loop:620 | 系统音频输入电平 rms=0.14964
2026-06-11 18:04:59.665 | INFO     | src.core.pipeline:_inbound_loop:620 | 系统音频输入电平 rms=0.00174
2026-06-11 18:05:01.672 | INFO     | src.core.pipeline:_inbound_loop:620 | 系统音频输入电平 rms=0.00080
2026-06-11 18:05:04.819 | DEBUG    | src.core.asr_engine:transcribe:504 | ASR: But when I put my head out of my lap, I noticed.
2026-06-11 18:06:35.820 | INFO     | src.utils.logger:setup_logger:31 | 日志系统初始化完成
2026-06-11 18:06:35.820 | INFO     | src.main:main:40 | ============================================================
2026-06-11 18:06:35.820 | INFO     | src.main:main:41 | 友译 v0.1.0 启动
2026-06-11 18:06:35.820 | INFO     | src.main:main:42 | 实时游戏语音双向翻译系统
2026-06-11 18:06:35.821 | INFO     | src.main:main:43 | ============================================================
2026-06-11 18:06:36.199 | INFO     | src.main:main:67 | GUI 已启动
2026-06-11 18:07:10.403 | INFO     | src.utils.logger:setup_logger:31 | 日志系统初始化完成
2026-06-11 18:07:10.403 | INFO     | src.main:main:40 | ============================================================
2026-06-11 18:07:10.404 | INFO     | src.main:main:41 | 友译 v0.1.0 启动
2026-06-11 18:07:10.404 | INFO     | src.main:main:42 | 实时游戏语音双向翻译系统
2026-06-11 18:07:10.404 | INFO     | src.main:main:43 | ============================================================
2026-06-11 18:07:10.806 | INFO     | src.main:main:67 | GUI 已启动
2026-06-11 18:07:12.156 | INFO     | src.core.pipeline:__init__:123 | 使用火山引擎云端模型
2026-06-11 18:07:12.157 | INFO     | src.core.translator:_init_client:109 | 翻译后端: volc (降级: microsoft, google)
2026-06-11 18:07:12.157 | INFO     | src.core.pipeline:initialize:222 | 初始化翻译管道...
2026-06-11 18:07:12.165 | INFO     | src.audio.virtual_device:_linux_create_speaker:60 | 虚拟音频设备 'translator_virtual' 已存在
2026-06-11 18:07:12.166 | INFO     | src.audio.virtual_device:_linux_create_mic_monitor:84 | Monitor 源自动可用: translator_virtual_sink.monitor
2026-06-11 18:07:12.166 | INFO     | src.core.pipeline:initialize:228 | volc 云端引擎可用，跳过本地 ASR 模型加载
2026-06-11 18:07:12.166 | INFO     | src.core.pipeline:initialize:238 | TTS输出: 系统默认扬声器
2026-06-11 18:07:12.166 | INFO     | src.core.pipeline:initialize:240 | 翻译管道初始化完成
2026-06-11 18:07:12.181 | INFO     | src.audio.stream:_open_sounddevice_input:252 | 音频输入流已打开 (device=None, sr=16000)
2026-06-11 18:07:12.182 | INFO     | src.audio.stream:_open_pulse_input:301 | PulseAudio输入流已打开 (source=translator_virtual_sink.monitor, sr=16000)
2026-06-11 18:07:12.182 | INFO     | src.core.pipeline:start:300 | 游戏声音捕获已开启
2026-06-11 18:07:12.182 | INFO     | src.core.pipeline:start:329 | ✅ volc 云端双向管道已启动（出站 + 系统音频入站）
2026-06-11 18:07:12.182 | INFO     | src.core.pipeline:_cloud_outbound_loop:371 | volc 云端出站管道启动
2026-06-11 18:07:12.182 | INFO     | src.core.volc_engine:_build_header_candidates:112 | 火山引擎鉴权模式: 新版 API Key
2026-06-11 18:07:12.182 | INFO     | src.core.volc_engine:connect:209 | 尝试火山引擎鉴权头: 新版 API Key
2026-06-11 18:07:12.184 | INFO     | src.core.pipeline:_cloud_inbound_loop:444 | volc 云端入站管道启动（系统音频→字幕）
2026-06-11 18:07:12.184 | INFO     | src.core.volc_engine:_build_header_candidates:112 | 火山引擎鉴权模式: 新版 API Key
2026-06-11 18:07:12.184 | INFO     | src.core.volc_engine:connect:209 | 尝试火山引擎鉴权头: 新版 API Key
2026-06-11 18:07:12.369 | INFO     | src.core.volc_engine:connect:218 | 火山引擎已连接，X-Tt-Logid=202606111807126FDE3233E86009A5249B
2026-06-11 18:07:12.412 | INFO     | src.core.volc_engine:_handle_response:312 | 火山引擎会话已启动: 4d858484-28d2-48b3-b3ab-fb07917578cc
2026-06-11 18:07:12.412 | INFO     | src.core.volc_engine:connect:238 | 火山引擎会话已就绪 (zh→en)
2026-06-11 18:07:12.486 | INFO     | src.core.volc_engine:connect:218 | 火山引擎已连接，X-Tt-Logid=202606111807125E0E45B593439EB0D86B
2026-06-11 18:07:12.571 | INFO     | src.core.volc_engine:_handle_response:312 | 火山引擎会话已启动: 19d3f243-1798-45a9-9474-55990fe3b4d5
2026-06-11 18:07:12.571 | INFO     | src.core.volc_engine:connect:238 | 火山引擎会话已就绪 (en→zh)
2026-06-11 18:07:14.534 | DEBUG    | src.core.volc_engine:_handle_response:333 | 火山引擎静音片段: 2081ms
2026-06-11 18:07:14.619 | DEBUG    | src.core.volc_engine:_handle_response:333 | 火山引擎静音片段: 2040ms
2026-06-11 18:07:15.472 | DEBUG    | src.core.volc_engine:_handle_response:333 | 火山引擎静音片段: 3016ms
2026-06-11 18:07:15.643 | DEBUG    | src.core.volc_engine:_handle_response:333 | 火山引擎静音片段: 3066ms
2026-06-11 18:07:16.496 | DEBUG    | src.core.volc_engine:_handle_response:333 | 火山引擎静音片段: 4040ms
2026-06-11 18:07:16.581 | DEBUG    | src.core.volc_engine:_handle_response:333 | 火山引擎静音片段: 4004ms
2026-06-11 18:07:17.520 | DEBUG    | src.core.volc_engine:_handle_response:333 | 火山引擎静音片段: 5065ms
2026-06-11 18:07:17.605 | DEBUG    | src.core.volc_engine:_handle_response:333 | 火山引擎静音片段: 5027ms
2026-06-11 18:07:18.502 | DEBUG    | src.core.volc_engine:_handle_response:333 | 火山引擎静音片段: 6036ms
2026-06-11 18:07:18.587 | DEBUG    | src.core.volc_engine:_handle_response:333 | 火山引擎静音片段: 6011ms
2026-06-11 18:07:19.525 | DEBUG    | src.core.volc_engine:_handle_response:333 | 火山引擎静音片段: 7069ms
2026-06-11 18:07:19.611 | DEBUG    | src.core.volc_engine:_handle_response:333 | 火山引擎静音片段: 7032ms
2026-06-11 18:07:20.464 | DEBUG    | src.core.volc_engine:_handle_response:333 | 火山引擎静音片段: 8008ms
2026-06-11 18:07:20.635 | DEBUG    | src.core.volc_engine:_handle_response:333 | 火山引擎静音片段: 8058ms
2026-06-11 18:07:21.489 | DEBUG    | src.core.volc_engine:_handle_response:333 | 火山引擎静音片段: 9032ms
2026-06-11 18:07:21.573 | DEBUG    | src.core.volc_engine:_handle_response:333 | 火山引擎静音片段: 9001ms
2026-06-11 18:07:22.512 | DEBUG    | src.core.volc_engine:_handle_response:333 | 火山引擎静音片段: 10056ms
2026-06-11 18:07:23.536 | DEBUG    | src.core.volc_engine:_handle_response:333 | 火山引擎静音片段: 11079ms
2026-06-11 18:07:24.517 | DEBUG    | src.core.volc_engine:_handle_response:333 | 火山引擎静音片段: 12061ms
2026-06-11 18:07:24.688 | DEBUG    | src.core.pipeline:_on_cloud_usage_update:211 | 云端引擎用量更新: 输入=28, 输出文本=28, 输出音频=0, 费用=0.00元
2026-06-11 18:07:24.689 | DEBUG    | src.core.pipeline:_on_cloud_usage_update:211 | 云端引擎用量更新: 输入=34, 输出文本=34, 输出音频=0, 费用=0.01元
2026-06-11 18:07:25.456 | DEBUG    | src.core.volc_engine:_handle_response:333 | 火山引擎静音片段: 13001ms
2026-06-11 18:07:25.968 | DEBUG    | src.core.pipeline:_on_cloud_usage_update:211 | 云端引擎用量更新: 输入=63, 输出文本=63, 输出音频=0, 费用=0.01元
2026-06-11 18:07:25.969 | DEBUG    | src.core.pipeline:_on_cloud_usage_update:211 | 云端引擎用量更新: 输入=68, 输出文本=68, 输出音频=0, 费用=0.01元
2026-06-11 18:07:26.523 | DEBUG    | src.core.volc_engine:_handle_response:333 | 火山引擎静音片段: 14068ms
2026-06-11 18:07:27.461 | DEBUG    | src.core.volc_engine:_handle_response:333 | 火山引擎静音片段: 15006ms
2026-06-11 18:07:28.528 | DEBUG    | src.core.pipeline:_on_cloud_usage_update:211 | 云端引擎用量更新: 输入=115, 输出文本=115, 输出音频=0, 费用=0.02元
2026-06-11 18:07:28.528 | DEBUG    | src.core.volc_engine:_handle_response:333 | 火山引擎静音片段: 16077ms
2026-06-11 18:07:28.699 | DEBUG    | src.core.pipeline:_on_cloud_usage_update:211 | 云端引擎用量更新: 输入=130, 输出文本=130, 输出音频=0, 费用=0.02元
2026-06-11 18:07:29.467 | DEBUG    | src.core.volc_engine:_handle_response:333 | 火山引擎静音片段: 17011ms
2026-06-11 18:07:30.491 | DEBUG    | src.core.volc_engine:_handle_response:333 | 火山引擎静音片段: 18033ms
2026-06-11 18:07:31.515 | DEBUG    | src.core.volc_engine:_handle_response:333 | 火山引擎静音片段: 19059ms
2026-06-11 18:07:31.771 | DEBUG    | src.core.pipeline:_on_cloud_usage_update:211 | 云端引擎用量更新: 输入=158, 输出文本=158, 输出音频=0, 费用=0.03元
2026-06-11 18:07:31.856 | DEBUG    | src.core.pipeline:_on_cloud_usage_update:211 | 云端引擎用量更新: 输入=168, 输出文本=168, 输出音频=0, 费用=0.03元
2026-06-11 18:07:32.496 | DEBUG    | src.core.volc_engine:_handle_response:333 | 火山引擎静音片段: 20039ms
2026-06-11 18:07:33.008 | DEBUG    | src.core.pipeline:_on_cloud_usage_update:211 | 云端引擎用量更新: 输入=194, 输出文本=194, 输出音频=0, 费用=0.03元
2026-06-11 18:07:33.008 | DEBUG    | src.core.pipeline:_on_cloud_usage_update:211 | 云端引擎用量更新: 输入=203, 输出文本=203, 输出音频=0, 费用=0.03元
2026-06-11 18:07:33.520 | DEBUG    | src.core.volc_engine:_handle_response:333 | 火山引擎静音片段: 21063ms
2026-06-11 18:07:34.459 | DEBUG    | src.core.volc_engine:_handle_response:333 | 火山引擎静音片段: 22022ms
2026-06-11 18:07:34.971 | DEBUG    | src.core.pipeline:_on_cloud_usage_update:211 | 云端引擎用量更新: 输入=231, 输出文本=231, 输出音频=0, 费用=0.04元
2026-06-11 18:07:35.056 | DEBUG    | src.core.pipeline:_on_cloud_usage_update:211 | 云端引擎用量更新: 输入=244, 输出文本=244, 输出音频=0, 费用=0.04元
2026-06-11 18:07:35.483 | DEBUG    | src.core.volc_engine:_handle_response:333 | 火山引擎静音片段: 23027ms
2026-06-11 18:07:36.465 | DEBUG    | src.core.volc_engine:_handle_response:333 | 火山引擎静音片段: 24009ms
2026-06-11 18:07:37.488 | DEBUG    | src.core.volc_engine:_handle_response:333 | 火山引擎静音片段: 25030ms
2026-06-11 18:07:38.512 | DEBUG    | src.core.volc_engine:_handle_response:333 | 火山引擎静音片段: 26057ms
2026-06-11 18:07:39.538 | DEBUG    | src.core.volc_engine:_handle_response:333 | 火山引擎静音片段: 27080ms
2026-06-11 18:07:40.202 | DEBUG    | src.core.pipeline:_on_cloud_usage_update:211 | 云端引擎用量更新: 输入=311, 输出文本=311, 输出音频=0, 费用=0.05元
2026-06-11 18:07:40.203 | DEBUG    | src.core.pipeline:_on_cloud_usage_update:211 | 云端引擎用量更新: 输入=331, 输出文本=331, 输出音频=0, 费用=0.05元
2026-06-11 18:07:40.517 | DEBUG    | src.core.volc_engine:_handle_response:333 | 火山引擎静音片段: 28063ms
2026-06-11 18:07:42.523 | DEBUG    | src.core.volc_engine:_handle_response:333 | 火山引擎静音片段: 30069ms
2026-06-11 18:07:43.461 | DEBUG    | src.core.volc_engine:_handle_response:333 | 火山引擎静音片段: 31004ms
2026-06-11 18:07:44.528 | DEBUG    | src.core.volc_engine:_handle_response:333 | 火山引擎静音片段: 32071ms
2026-06-11 18:07:45.466 | DEBUG    | src.core.volc_engine:_handle_response:333 | 火山引擎静音片段: 33010ms
2026-06-11 18:07:45.467 | DEBUG    | src.core.volc_engine:_handle_response:333 | 火山引擎静音片段: 2003ms
2026-06-11 18:07:46.533 | DEBUG    | src.core.volc_engine:_handle_response:333 | 火山引擎静音片段: 3067ms
2026-06-11 18:07:46.534 | DEBUG    | src.core.volc_engine:_handle_response:333 | 火山引擎静音片段: 34080ms
2026-06-11 18:07:47.472 | DEBUG    | src.core.volc_engine:_handle_response:333 | 火山引擎静音片段: 4006ms
2026-06-11 18:07:47.472 | DEBUG    | src.core.volc_engine:_handle_response:333 | 火山引擎静音片段: 35018ms
2026-06-11 18:07:48.496 | DEBUG    | src.core.volc_engine:_handle_response:333 | 火山引擎静音片段: 36038ms
2026-06-11 18:07:48.496 | DEBUG    | src.core.volc_engine:_handle_response:333 | 火山引擎静音片段: 5029ms
2026-06-11 18:07:49.520 | DEBUG    | src.core.volc_engine:_handle_response:333 | 火山引擎静音片段: 37064ms
2026-06-11 18:07:49.520 | DEBUG    | src.core.volc_engine:_handle_response:333 | 火山引擎静音片段: 6081ms
2026-06-11 18:07:50.459 | DEBUG    | src.core.volc_engine:_handle_response:333 | 火山引擎静音片段: 38001ms
2026-06-11 18:07:50.544 | DEBUG    | src.core.volc_engine:_handle_response:333 | 火山引擎静音片段: 7078ms
2026-06-11 18:07:51.482 | DEBUG    | src.core.volc_engine:_handle_response:333 | 火山引擎静音片段: 39023ms
2026-06-11 18:07:51.483 | DEBUG    | src.core.volc_engine:_handle_response:333 | 火山引擎静音片段: 8015ms
2026-06-11 18:07:52.464 | DEBUG    | src.core.volc_engine:_handle_response:333 | 火山引擎静音片段: 40008ms
2026-06-11 18:07:53.488 | DEBUG    | src.core.volc_engine:_handle_response:333 | 火山引擎静音片段: 10022ms
2026-06-11 18:07:53.488 | DEBUG    | src.core.volc_engine:_handle_response:333 | 火山引擎静音片段: 41033ms
2026-06-11 18:07:54.512 | DEBUG    | src.core.volc_engine:_handle_response:333 | 火山引擎静音片段: 42057ms
2026-06-11 18:07:55.024 | DEBUG    | src.core.pipeline:_on_cloud_usage_update:211 | 云端引擎用量更新: 输入=363, 输出文本=363, 输出音频=0, 费用=0.06元
2026-06-11 18:07:55.109 | DEBUG    | src.core.pipeline:_on_cloud_usage_update:211 | 云端引擎用量更新: 输入=371, 输出文本=371, 输出音频=0, 费用=0.06元
2026-06-11 18:07:55.536 | DEBUG    | src.core.volc_engine:_handle_response:333 | 火山引擎静音片段: 43038ms
2026-06-11 18:07:56.304 | DEBUG    | src.core.pipeline:_on_cloud_usage_update:211 | 云端引擎用量更新: 输入=397, 输出文本=397, 输出音频=0, 费用=0.06元
2026-06-11 18:07:56.389 | DEBUG    | src.core.pipeline:_on_cloud_usage_update:211 | 云端引擎用量更新: 输入=405, 输出文本=405, 输出音频=0, 费用=0.06元
2026-06-11 18:07:56.474 | DEBUG    | src.core.volc_engine:_handle_response:333 | 火山引擎静音片段: 44018ms
2026-06-11 18:07:57.499 | DEBUG    | src.core.volc_engine:_handle_response:333 | 火山引擎静音片段: 45042ms
2026-06-11 18:07:57.584 | DEBUG    | src.core.pipeline:_on_cloud_usage_update:211 | 云端引擎用量更新: 输入=431, 输出文本=431, 输出音频=0, 费用=0.07元
2026-06-11 18:07:57.669 | DEBUG    | src.core.pipeline:_on_cloud_usage_update:211 | 云端引擎用量更新: 输入=443, 输出文本=443, 输出音频=0, 费用=0.07元
2026-06-11 18:07:58.480 | DEBUG    | src.core.volc_engine:_handle_response:333 | 火山引擎静音片段: 46025ms
2026-06-11 18:07:59.504 | DEBUG    | src.core.volc_engine:_handle_response:333 | 火山引擎静音片段: 47046ms
2026-06-11 18:08:00.228 | DEBUG    | src.core.pipeline:_on_cloud_usage_update:211 | 云端引擎用量更新: 输入=478, 输出文本=478, 输出音频=0, 费用=0.08元
2026-06-11 18:08:00.229 | DEBUG    | src.core.pipeline:_on_cloud_usage_update:211 | 云端引擎用量更新: 输入=491, 输出文本=491, 输出音频=0, 费用=0.08元
2026-06-11 18:08:00.485 | DEBUG    | src.core.volc_engine:_handle_response:333 | 火山引擎静音片段: 48027ms
2026-06-11 18:08:01.509 | DEBUG    | src.core.volc_engine:_handle_response:333 | 火山引擎静音片段: 49052ms
2026-06-11 18:08:02.021 | DEBUG    | src.core.pipeline:_on_cloud_usage_update:211 | 云端引擎用量更新: 输入=535, 输出文本=535, 输出音频=0, 费用=0.09元
2026-06-11 18:08:02.240 | DEBUG    | src.core.pipeline:_on_cloud_usage_update:211 | 云端引擎用量更新: 输入=548, 输出文本=548, 输出音频=0, 费用=0.09元
2026-06-11 18:08:02.490 | DEBUG    | src.core.volc_engine:_handle_response:333 | 火山引擎静音片段: 50033ms
2026-06-11 18:08:03.514 | DEBUG    | src.core.volc_engine:_handle_response:333 | 火山引擎静音片段: 51059ms
2026-06-11 18:08:03.941 | DEBUG    | src.core.pipeline:_on_cloud_usage_update:211 | 云端引擎用量更新: 输入=570, 输出文本=570, 输出音频=0, 费用=0.09元
2026-06-11 18:08:03.941 | DEBUG    | src.core.pipeline:_on_cloud_usage_update:211 | 云端引擎用量更新: 输入=576, 输出文本=576, 输出音频=0, 费用=0.09元
2026-06-11 18:08:04.538 | DEBUG    | src.core.volc_engine:_handle_response:333 | 火山引擎静音片段: 52086ms
2026-06-11 18:08:05.477 | DEBUG    | src.core.volc_engine:_handle_response:333 | 火山引擎静音片段: 53020ms
2026-06-11 18:08:05.989 | DEBUG    | src.core.volc_engine:_handle_response:333 | 火山引擎静音片段: 2045ms
2026-06-11 18:08:06.501 | DEBUG    | src.core.volc_engine:_handle_response:333 | 火山引擎静音片段: 54044ms
2026-06-11 18:08:07.013 | DEBUG    | src.core.volc_engine:_handle_response:333 | 火山引擎静音片段: 3100ms
2026-06-11 18:08:07.525 | DEBUG    | src.core.volc_engine:_handle_response:333 | 火山引擎静音片段: 55070ms
2026-06-11 18:08:07.951 | DEBUG    | src.core.volc_engine:_handle_response:333 | 火山引擎静音片段: 4006ms
2026-06-11 18:08:08.463 | DEBUG    | src.core.volc_engine:_handle_response:333 | 火山引擎静音片段: 56009ms
2026-06-11 18:08:08.975 | DEBUG    | src.core.volc_engine:_handle_response:333 | 火山引擎静音片段: 5032ms
2026-06-11 18:08:09.487 | DEBUG    | src.core.volc_engine:_handle_response:333 | 火山引擎静音片段: 57031ms
2026-06-11 18:08:09.658 | DEBUG    | src.core.pipeline:_on_cloud_usage_update:211 | 云端引擎用量更新: 输入=581, 输出文本=581, 输出音频=0, 费用=0.09元
2026-06-11 18:08:09.744 | DEBUG    | src.core.pipeline:_on_cloud_usage_update:211 | 云端引擎用量更新: 输入=584, 输出文本=584, 输出音频=0, 费用=0.09元
2026-06-11 18:08:10.512 | DEBUG    | src.core.volc_engine:_handle_response:333 | 火山引擎静音片段: 58054ms
2026-06-11 18:08:11.535 | DEBUG    | src.core.volc_engine:_handle_response:333 | 火山引擎静音片段: 59079ms
2026-06-11 18:08:12.303 | DEBUG    | src.core.pipeline:_on_cloud_usage_update:211 | 云端引擎用量更新: 输入=619, 输出文本=619, 输出音频=0, 费用=0.10元
2026-06-11 18:08:12.389 | DEBUG    | src.core.pipeline:_on_cloud_usage_update:211 | 云端引擎用量更新: 输入=630, 输出文本=630, 输出音频=0, 费用=0.10元
2026-06-11 18:08:12.474 | DEBUG    | src.core.volc_engine:_handle_response:333 | 火山引擎静音片段: 60018ms
2026-06-11 18:08:13.498 | DEBUG    | src.core.volc_engine:_handle_response:333 | 火山引擎静音片段: 61055ms
2026-06-11 18:08:14.479 | DEBUG    | src.core.volc_engine:_handle_response:333 | 火山引擎静音片段: 62023ms
2026-06-11 18:08:14.821 | DEBUG    | src.core.pipeline:_on_cloud_usage_update:211 | 云端引擎用量更新: 输入=651, 输出文本=651, 输出音频=0, 费用=0.10元
2026-06-11 18:08:14.821 | DEBUG    | src.core.pipeline:_on_cloud_usage_update:211 | 云端引擎用量更新: 输入=654, 输出文本=654, 输出音频=0, 费用=0.10元
2026-06-11 18:08:15.503 | DEBUG    | src.core.volc_engine:_handle_response:333 | 火山引擎静音片段: 63047ms
2026-06-11 18:08:16.485 | DEBUG    | src.core.volc_engine:_handle_response:333 | 火山引擎静音片段: 64033ms
2026-06-11 18:08:16.741 | DEBUG    | src.core.volc_engine:_handle_response:333 | 火山引擎静音片段: 2056ms
2026-06-11 18:08:17.509 | DEBUG    | src.core.volc_engine:_handle_response:333 | 火山引擎静音片段: 65052ms
2026-06-11 18:08:17.765 | DEBUG    | src.core.volc_engine:_handle_response:333 | 火山引擎静音片段: 3079ms
2026-06-11 18:08:18.533 | DEBUG    | src.core.volc_engine:_handle_response:333 | 火山引擎静音片段: 66075ms
2026-06-11 18:08:18.703 | DEBUG    | src.core.volc_engine:_handle_response:333 | 火山引擎静音片段: 4021ms
2026-06-11 18:08:19.471 | DEBUG    | src.core.volc_engine:_handle_response:333 | 火山引擎静音片段: 67014ms
2026-06-11 18:08:19.730 | DEBUG    | src.core.volc_engine:_handle_response:333 | 火山引擎静音片段: 5042ms
2026-06-11 18:08:20.538 | DEBUG    | src.core.volc_engine:_handle_response:333 | 火山引擎静音片段: 68081ms
2026-06-11 18:08:20.709 | DEBUG    | src.core.volc_engine:_handle_response:333 | 火山引擎静音片段: 6024ms
2026-06-11 18:08:21.477 | DEBUG    | src.core.volc_engine:_handle_response:333 | 火山引擎静音片段: 69020ms
2026-06-11 18:08:21.733 | DEBUG    | src.core.volc_engine:_handle_response:333 | 火山引擎静音片段: 7083ms
2026-06-11 18:08:22.501 | DEBUG    | src.core.volc_engine:_handle_response:333 | 火山引擎静音片段: 70043ms
2026-06-11 18:08:22.757 | DEBUG    | src.core.volc_engine:_handle_response:333 | 火山引擎静音片段: 8072ms
2026-06-11 18:08:23.525 | DEBUG    | src.core.volc_engine:_handle_response:333 | 火山引擎静音片段: 71070ms
2026-06-11 18:08:23.695 | DEBUG    | src.core.volc_engine:_handle_response:333 | 火山引擎静音片段: 9021ms
2026-06-11 18:08:24.506 | DEBUG    | src.core.volc_engine:_handle_response:333 | 火山引擎静音片段: 72051ms
2026-06-11 18:08:24.762 | DEBUG    | src.core.volc_engine:_handle_response:333 | 火山引擎静音片段: 10077ms
2026-06-11 18:08:25.530 | DEBUG    | src.core.volc_engine:_handle_response:333 | 火山引擎静音片段: 73072ms
2026-06-11 18:08:25.701 | DEBUG    | src.core.volc_engine:_handle_response:333 | 火山引擎静音片段: 11016ms
2026-06-11 18:08:26.469 | DEBUG    | src.core.volc_engine:_handle_response:333 | 火山引擎静音片段: 74014ms
2026-06-11 18:08:26.725 | DEBUG    | src.core.volc_engine:_handle_response:333 | 火山引擎静音片段: 12042ms
2026-06-11 18:08:27.493 | DEBUG    | src.core.volc_engine:_handle_response:333 | 火山引擎静音片段: 75038ms
2026-06-11 18:08:27.749 | DEBUG    | src.core.volc_engine:_handle_response:333 | 火山引擎静音片段: 13065ms
2026-06-11 18:08:28.474 | DEBUG    | src.core.volc_engine:_handle_response:333 | 火山引擎静音片段: 76016ms
2026-06-11 18:08:28.730 | DEBUG    | src.core.volc_engine:_handle_response:333 | 火山引擎静音片段: 14046ms
2026-06-11 18:08:29.498 | DEBUG    | src.core.volc_engine:_handle_response:333 | 火山引擎静音片段: 77041ms
2026-06-11 18:08:29.754 | DEBUG    | src.core.volc_engine:_handle_response:333 | 火山引擎静音片段: 15076ms
2026-06-11 18:08:30.479 | DEBUG    | src.core.volc_engine:_handle_response:333 | 火山引擎静音片段: 78023ms
2026-06-11 18:08:30.735 | DEBUG    | src.core.volc_engine:_handle_response:333 | 火山引擎静音片段: 16052ms
2026-06-11 18:08:31.503 | DEBUG    | src.core.volc_engine:_handle_response:333 | 火山引擎静音片段: 79047ms
2026-06-11 18:08:31.759 | DEBUG    | src.core.volc_engine:_handle_response:333 | 火山引擎静音片段: 17074ms
2026-06-11 18:08:32.485 | DEBUG    | src.core.volc_engine:_handle_response:333 | 火山引擎静音片段: 80029ms
2026-06-11 18:08:32.740 | DEBUG    | src.core.volc_engine:_handle_response:333 | 火山引擎静音片段: 18056ms
2026-06-11 18:08:33.508 | DEBUG    | src.core.volc_engine:_handle_response:333 | 火山引擎静音片段: 81052ms
2026-06-11 18:08:33.764 | DEBUG    | src.core.volc_engine:_handle_response:333 | 火山引擎静音片段: 19087ms
2026-06-11 18:08:34.490 | DEBUG    | src.core.volc_engine:_handle_response:333 | 火山引擎静音片段: 82034ms
2026-06-11 18:08:34.746 | DEBUG    | src.core.volc_engine:_handle_response:333 | 火山引擎静音片段: 20062ms
2026-06-11 18:08:35.514 | DEBUG    | src.core.volc_engine:_handle_response:333 | 火山引擎静音片段: 83059ms
2026-06-11 18:08:35.684 | DEBUG    | src.core.volc_engine:_handle_response:333 | 火山引擎静音片段: 21002ms
2026-06-11 18:08:36.495 | DEBUG    | src.core.volc_engine:_handle_response:333 | 火山引擎静音片段: 84043ms
2026-06-11 18:08:36.751 | DEBUG    | src.core.volc_engine:_handle_response:333 | 火山引擎静音片段: 22067ms
2026-06-11 18:08:37.519 | DEBUG    | src.core.volc_engine:_handle_response:333 | 火山引擎静音片段: 85063ms
2026-06-11 18:08:37.690 | DEBUG    | src.core.volc_engine:_handle_response:333 | 火山引擎静音片段: 23006ms
2026-06-11 18:08:38.500 | DEBUG    | src.core.volc_engine:_handle_response:333 | 火山引擎静音片段: 86044ms
2026-06-11 18:08:38.756 | DEBUG    | src.core.volc_engine:_handle_response:333 | 火山引擎静音片段: 24072ms
2026-06-11 18:08:39.524 | DEBUG    | src.core.volc_engine:_handle_response:333 | 火山引擎静音片段: 87068ms
2026-06-11 18:08:39.695 | DEBUG    | src.core.volc_engine:_handle_response:333 | 火山引擎静音片段: 25011ms
2026-06-11 18:08:40.506 | DEBUG    | src.core.volc_engine:_handle_response:333 | 火山引擎静音片段: 88049ms
2026-06-11 18:08:40.762 | DEBUG    | src.core.volc_engine:_handle_response:333 | 火山引擎静音片段: 26080ms
2026-06-11 18:08:41.530 | DEBUG    | src.core.volc_engine:_handle_response:333 | 火山引擎静音片段: 89075ms
2026-06-11 18:08:41.700 | DEBUG    | src.core.volc_engine:_handle_response:333 | 火山引擎静音片段: 27030ms
2026-06-11 18:08:42.468 | DEBUG    | src.core.volc_engine:_handle_response:333 | 火山引擎静音片段: 90011ms
2026-06-11 18:08:42.724 | DEBUG    | src.core.volc_engine:_handle_response:333 | 火山引擎静音片段: 28041ms
2026-06-11 18:08:43.492 | DEBUG    | src.core.volc_engine:_handle_response:333 | 火山引擎静音片段: 91035ms
2026-06-11 18:08:43.578 | INFO     | src.core.volc_engine:stop:399 | 火山引擎已断开
2026-06-11 18:08:43.578 | INFO     | src.core.volc_engine:stop:399 | 火山引擎已断开
2026-06-11 18:08:45.586 | INFO     | src.core.pipeline:__init__:91 | 使用腾讯混元 HY-MT1.5-1.8B 本地翻译模型
2026-06-11 18:08:51.094 | INFO     | src.core.hunyuan_engine:load_model:76 | 加载 HY-MT1.5-1.8B 模型：/home/fiend/WorkSpace/python/translator_intime/models/HY-MT1.5-1.8B
2026-06-11 18:08:51.648 | INFO     | src.core.hunyuan_engine:load_model:89 | HY-MT1.5-1.8B 模型加载成功 ✓
2026-06-11 18:08:51.648 | INFO     | src.core.translator:_init_client:109 | 翻译后端: hunyuan (降级: microsoft, google)
2026-06-11 18:08:51.648 | INFO     | src.core.pipeline:initialize:222 | 初始化翻译管道...
2026-06-11 18:08:51.658 | INFO     | src.audio.virtual_device:_linux_create_speaker:60 | 虚拟音频设备 'translator_virtual' 已存在
2026-06-11 18:08:51.658 | INFO     | src.audio.virtual_device:_linux_create_mic_monitor:84 | Monitor 源自动可用: translator_virtual_sink.monitor
2026-06-11 18:08:51.658 | INFO     | src.core.pipeline:_ensure_asr_models_loaded:248 | 检测本地 ASR 模型（backend=auto）...
2026-06-11 18:08:54.343 | INFO     | src.core.asr_engine:_load_funasr_model:120 | 加载 FunASR 模型: FunAudioLLM/Fun-ASR-Nano-2512, device=cpu, hub=ms
2026-06-11 18:09:15.651 | INFO     | src.core.pipeline:__init__:91 | 使用腾讯混元 HY-MT1.5-1.8B 本地翻译模型
2026-06-11 18:09:15.652 | INFO     | src.core.hunyuan_engine:load_model:76 | 加载 HY-MT1.5-1.8B 模型：/home/fiend/WorkSpace/python/translator_intime/models/HY-MT1.5-1.8B
2026-06-11 18:09:16.151 | INFO     | src.core.hunyuan_engine:load_model:89 | HY-MT1.5-1.8B 模型加载成功 ✓
2026-06-11 18:09:16.151 | INFO     | src.core.translator:_init_client:109 | 翻译后端: hunyuan (降级: microsoft, google)
2026-06-11 18:09:16.152 | INFO     | src.core.pipeline:initialize:222 | 初始化翻译管道...
2026-06-11 18:09:16.166 | INFO     | src.audio.virtual_device:_linux_create_speaker:60 | 虚拟音频设备 'translator_virtual' 已存在
2026-06-11 18:09:16.166 | INFO     | src.audio.virtual_device:_linux_create_mic_monitor:84 | Monitor 源自动可用: translator_virtual_sink.monitor
2026-06-11 18:09:16.166 | INFO     | src.core.pipeline:_ensure_asr_models_loaded:248 | 检测本地 ASR 模型（backend=auto）...
2026-06-11 18:09:16.167 | INFO     | src.core.asr_engine:_load_funasr_model:120 | 加载 FunASR 模型: FunAudioLLM/Fun-ASR-Nano-2512, device=cpu, hub=ms
2026-06-11 18:09:20.222 | INFO     | src.core.pipeline:__init__:91 | 使用腾讯混元 HY-MT1.5-1.8B 本地翻译模型
2026-06-11 18:09:20.223 | INFO     | src.core.hunyuan_engine:load_model:76 | 加载 HY-MT1.5-1.8B 模型：/home/fiend/WorkSpace/python/translator_intime/models/HY-MT1.5-1.8B
2026-06-11 18:09:20.946 | INFO     | src.core.hunyuan_engine:load_model:89 | HY-MT1.5-1.8B 模型加载成功 ✓
2026-06-11 18:09:20.947 | INFO     | src.core.translator:_init_client:109 | 翻译后端: hunyuan (降级: microsoft, google)
2026-06-11 18:09:20.947 | INFO     | src.core.pipeline:initialize:222 | 初始化翻译管道...
2026-06-11 18:09:20.955 | INFO     | src.audio.virtual_device:_linux_create_speaker:60 | 虚拟音频设备 'translator_virtual' 已存在
2026-06-11 18:09:20.955 | INFO     | src.audio.virtual_device:_linux_create_mic_monitor:84 | Monitor 源自动可用: translator_virtual_sink.monitor
2026-06-11 18:09:20.955 | INFO     | src.core.pipeline:_ensure_asr_models_loaded:248 | 检测本地 ASR 模型（backend=auto）...
2026-06-11 18:09:20.956 | INFO     | src.core.asr_engine:_load_funasr_model:120 | 加载 FunASR 模型: FunAudioLLM/Fun-ASR-Nano-2512, device=cpu, hub=ms
2026-06-11 18:09:35.292 | INFO     | src.utils.logger:setup_logger:31 | 日志系统初始化完成
2026-06-11 18:09:35.292 | INFO     | src.main:main:40 | ============================================================
2026-06-11 18:09:35.293 | INFO     | src.main:main:41 | 友译 v0.1.0 启动
2026-06-11 18:09:35.293 | INFO     | src.main:main:42 | 实时游戏语音双向翻译系统
2026-06-11 18:09:35.293 | INFO     | src.main:main:43 | ============================================================
2026-06-11 18:09:35.646 | INFO     | src.main:main:67 | GUI 已启动
2026-06-11 18:09:38.702 | INFO     | src.core.pipeline:__init__:91 | 使用腾讯混元 HY-MT1.5-1.8B 本地翻译模型
2026-06-11 18:09:43.436 | INFO     | src.core.hunyuan_engine:load_model:76 | 加载 HY-MT1.5-1.8B 模型：/home/fiend/WorkSpace/python/translator_intime/models/HY-MT1.5-1.8B
2026-06-11 18:09:43.967 | INFO     | src.core.hunyuan_engine:load_model:89 | HY-MT1.5-1.8B 模型加载成功 ✓
2026-06-11 18:09:43.967 | INFO     | src.core.translator:_init_client:109 | 翻译后端: hunyuan (降级: microsoft, google)
2026-06-11 18:09:43.967 | INFO     | src.core.pipeline:initialize:222 | 初始化翻译管道...
2026-06-11 18:09:43.976 | INFO     | src.audio.virtual_device:_linux_create_speaker:60 | 虚拟音频设备 'translator_virtual' 已存在
2026-06-11 18:09:43.976 | INFO     | src.audio.virtual_device:_linux_create_mic_monitor:84 | Monitor 源自动可用: translator_virtual_sink.monitor
2026-06-11 18:09:43.977 | INFO     | src.core.pipeline:_ensure_asr_models_loaded:248 | 检测本地 ASR 模型（backend=auto）...
2026-06-11 18:09:46.365 | INFO     | src.core.asr_engine:_load_funasr_model:120 | 加载 FunASR 模型: FunAudioLLM/Fun-ASR-Nano-2512, device=cpu, hub=ms
2026-06-11 18:10:02.241 | INFO     | src.core.pipeline:__init__:91 | 使用腾讯混元 HY-MT1.5-1.8B 本地翻译模型
2026-06-11 18:10:02.241 | INFO     | src.core.hunyuan_engine:load_model:76 | 加载 HY-MT1.5-1.8B 模型：/home/fiend/WorkSpace/python/translator_intime/models/HY-MT1.5-1.8B
2026-06-11 18:10:06.329 | INFO     | src.utils.logger:setup_logger:31 | 日志系统初始化完成
2026-06-11 18:10:06.329 | INFO     | src.main:main:40 | ============================================================
2026-06-11 18:10:06.329 | INFO     | src.main:main:41 | 友译 v0.1.0 启动
2026-06-11 18:10:06.329 | INFO     | src.main:main:42 | 实时游戏语音双向翻译系统
2026-06-11 18:10:06.329 | INFO     | src.main:main:43 | ============================================================
2026-06-11 18:10:06.705 | INFO     | src.main:main:67 | GUI 已启动
2026-06-11 18:10:10.131 | INFO     | src.core.pipeline:__init__:91 | 使用腾讯混元 HY-MT1.5-1.8B 本地翻译模型
2026-06-11 18:10:14.187 | INFO     | src.core.hunyuan_engine:load_model:76 | 加载 HY-MT1.5-1.8B 模型：/home/fiend/WorkSpace/python/translator_intime/models/HY-MT1.5-1.8B
2026-06-11 18:10:14.747 | INFO     | src.core.hunyuan_engine:load_model:89 | HY-MT1.5-1.8B 模型加载成功 ✓
2026-06-11 18:10:14.747 | INFO     | src.core.translator:_init_client:109 | 翻译后端: hunyuan (降级: microsoft, google)
2026-06-11 18:10:14.747 | INFO     | src.core.pipeline:initialize:222 | 初始化翻译管道...
2026-06-11 18:10:14.756 | INFO     | src.audio.virtual_device:_linux_create_speaker:60 | 虚拟音频设备 'translator_virtual' 已存在
2026-06-11 18:10:14.756 | INFO     | src.audio.virtual_device:_linux_create_mic_monitor:84 | Monitor 源自动可用: translator_virtual_sink.monitor
2026-06-11 18:10:14.756 | INFO     | src.core.pipeline:_ensure_asr_models_loaded:248 | 检测本地 ASR 模型（backend=whisper）...
2026-06-11 18:10:15.059 | INFO     | src.core.asr_engine:_load_whisper_model:189 | 加载 Whisper 模型: faster-whisper-tiny, device=cpu
2026-06-11 18:10:15.060 | ERROR    | src.core.asr_engine:_load_whisper_model:227 | Whisper 本地模型未找到，请手动下载模型:
  1. 安装 modelscope: pip install modelscope
  2. 下载模型: python -c "from modelscope import snapshot_download; snapshot_download('systran/faster-whisper-small', cache_dir='./models')"
  3. 重新启动应用
2026-06-11 18:10:17.135 | INFO     | src.core.asr_engine:_load_funasr_model:120 | 加载 FunASR 模型: FunAudioLLM/Fun-ASR-Nano-2512, device=cpu, hub=ms
2026-06-11 18:10:20.451 | INFO     | src.core.pipeline:__init__:91 | 使用腾讯混元 HY-MT1.5-1.8B 本地翻译模型
2026-06-11 18:10:20.452 | INFO     | src.core.hunyuan_engine:load_model:76 | 加载 HY-MT1.5-1.8B 模型：/home/fiend/WorkSpace/python/translator_intime/models/HY-MT1.5-1.8B
2026-06-11 18:10:20.911 | INFO     | src.core.hunyuan_engine:load_model:89 | HY-MT1.5-1.8B 模型加载成功 ✓
2026-06-11 18:10:20.911 | INFO     | src.core.translator:_init_client:109 | 翻译后端: hunyuan (降级: microsoft, google)
2026-06-11 18:10:20.911 | INFO     | src.core.pipeline:initialize:222 | 初始化翻译管道...
2026-06-11 18:10:20.921 | INFO     | src.audio.virtual_device:_linux_create_speaker:60 | 虚拟音频设备 'translator_virtual' 已存在
2026-06-11 18:10:20.921 | INFO     | src.audio.virtual_device:_linux_create_mic_monitor:84 | Monitor 源自动可用: translator_virtual_sink.monitor
2026-06-11 18:10:20.922 | INFO     | src.core.pipeline:_ensure_asr_models_loaded:248 | 检测本地 ASR 模型（backend=whisper）...
2026-06-11 18:10:20.922 | INFO     | src.core.asr_engine:_load_whisper_model:189 | 加载 Whisper 模型: faster-whisper-small, device=cpu
2026-06-11 18:10:20.922 | INFO     | src.core.asr_engine:_load_whisper_model:213 |   尝试本地: /home/fiend/WorkSpace/python/translator_intime/models/systran/faster-whisper-small (compute=int8)
2026-06-11 18:10:22.141 | INFO     | src.core.asr_engine:_load_whisper_model:218 | Whisper 模型加载成功 ✓
2026-06-11 18:10:22.141 | INFO     | src.core.asr_engine:share_model_from:54 | ASR 模型已复用（backend=whisper, language=en）
2026-06-11 18:10:22.141 | INFO     | src.core.pipeline:initialize:238 | TTS输出: 系统默认扬声器
2026-06-11 18:10:22.141 | INFO     | src.core.pipeline:initialize:240 | 翻译管道初始化完成
2026-06-11 18:10:22.157 | INFO     | src.audio.stream:_open_sounddevice_input:252 | 音频输入流已打开 (device=None, sr=16000)
2026-06-11 18:10:22.164 | INFO     | src.audio.stream:_open_pulse_input:301 | PulseAudio输入流已打开 (source=translator_virtual_sink.monitor, sr=16000)
2026-06-11 18:10:22.165 | INFO     | src.core.pipeline:start:300 | 游戏声音捕获已开启
2026-06-11 18:10:22.165 | INFO     | src.core.pipeline:start:318 | ✅ 腾讯混元本地翻译双向管道已启动（出站 + 入站）
2026-06-11 18:10:22.166 | INFO     | src.core.pipeline:_outbound_loop:509 | 出站管道(中->外) 启动
2026-06-11 18:10:22.250 | INFO     | src.core.pipeline:_inbound_loop:605 | 入站管道(外->中) 启动
2026-06-11 18:10:24.156 | INFO     | src.core.pipeline:_inbound_loop:620 | 系统音频输入电平 rms=0.00000
2026-06-11 18:10:25.156 | INFO     | src.core.pipeline:_inbound_loop:620 | 系统音频输入电平 rms=0.00000
2026-06-11 18:10:26.161 | INFO     | src.core.pipeline:_inbound_loop:620 | 系统音频输入电平 rms=0.00000
2026-06-11 18:10:27.161 | INFO     | src.core.pipeline:_inbound_loop:620 | 系统音频输入电平 rms=0.00000
2026-06-11 18:10:28.172 | INFO     | src.core.pipeline:_inbound_loop:620 | 系统音频输入电平 rms=0.00000
2026-06-11 18:10:29.204 | INFO     | src.core.pipeline:_inbound_loop:620 | 系统音频输入电平 rms=0.00000
2026-06-11 18:10:30.271 | INFO     | src.core.pipeline:_inbound_loop:620 | 系统音频输入电平 rms=0.00000
2026-06-11 18:10:32.177 | INFO     | src.core.pipeline:_inbound_loop:620 | 系统音频输入电平 rms=0.11539
2026-06-11 18:10:34.182 | INFO     | src.core.pipeline:_inbound_loop:620 | 系统音频输入电平 rms=0.12626
2026-06-11 18:10:36.187 | INFO     | src.core.pipeline:_inbound_loop:620 | 系统音频输入电平 rms=0.00448
2026-06-11 18:10:39.420 | DEBUG    | src.core.asr_engine:transcribe:504 | ASR: I'll try this all the time, but I didn't do it well  It is so
2026-06-11 18:14:34.874 | INFO     | src.utils.logger:setup_logger:31 | 日志系统初始化完成
2026-06-11 18:14:34.874 | INFO     | src.main:main:40 | ============================================================
2026-06-11 18:14:34.874 | INFO     | src.main:main:41 | 友译 v0.1.0 启动
2026-06-11 18:14:34.874 | INFO     | src.main:main:42 | 实时游戏语音双向翻译系统
2026-06-11 18:14:34.874 | INFO     | src.main:main:43 | ============================================================
2026-06-11 18:14:35.231 | INFO     | src.main:main:67 | GUI 已启动
2026-06-11 18:14:44.024 | INFO     | src.core.pipeline:__init__:91 | 使用腾讯混元 HY-MT1.5-1.8B 本地翻译模型
2026-06-11 18:14:47.971 | INFO     | src.core.hunyuan_engine:load_model:76 | 加载 HY-MT1.5-1.8B 模型：/home/fiend/WorkSpace/python/translator_intime/models/HY-MT1.5-1.8B
2026-06-11 18:14:48.509 | INFO     | src.core.hunyuan_engine:load_model:89 | HY-MT1.5-1.8B 模型加载成功 ✓
2026-06-11 18:14:48.509 | INFO     | src.core.translator:_init_client:109 | 翻译后端: hunyuan (降级: microsoft, google)
2026-06-11 18:14:48.510 | INFO     | src.core.pipeline:initialize:222 | 初始化翻译管道...
2026-06-11 18:14:48.519 | INFO     | src.audio.virtual_device:_linux_create_speaker:60 | 虚拟音频设备 'translator_virtual' 已存在
2026-06-11 18:14:48.519 | INFO     | src.audio.virtual_device:_linux_create_mic_monitor:84 | Monitor 源自动可用: translator_virtual_sink.monitor
2026-06-11 18:14:48.519 | INFO     | src.core.pipeline:_ensure_asr_models_loaded:248 | 检测本地 ASR 模型（backend=qwen3）...
2026-06-11 18:14:50.440 | INFO     | src.core.asr_engine:_load_qwen3_model:285 | 加载 Qwen3-ASR 模型: /home/fiend/WorkSpace/python/translator_intime/models/Qwen/Qwen3-ASR-0___6B, device=cpu
2026-06-11 18:14:52.824 | INFO     | src.core.asr_engine:_load_qwen3_model:291 | Qwen3-ASR 模型加载成功 ✓
2026-06-11 18:14:52.824 | INFO     | src.core.asr_engine:share_model_from:54 | ASR 模型已复用（backend=qwen3, language=en）
2026-06-11 18:14:52.824 | INFO     | src.core.pipeline:initialize:238 | TTS输出: 系统默认扬声器
2026-06-11 18:14:52.824 | INFO     | src.core.pipeline:initialize:240 | 翻译管道初始化完成
2026-06-11 18:14:52.840 | INFO     | src.audio.stream:_open_sounddevice_input:252 | 音频输入流已打开 (device=None, sr=16000)
2026-06-11 18:14:52.841 | INFO     | src.audio.stream:_open_pulse_input:301 | PulseAudio输入流已打开 (source=translator_virtual_sink.monitor, sr=16000)
2026-06-11 18:14:52.841 | INFO     | src.core.pipeline:start:300 | 游戏声音捕获已开启
2026-06-11 18:14:52.841 | INFO     | src.core.pipeline:start:318 | ✅ 腾讯混元本地翻译双向管道已启动（出站 + 入站）
2026-06-11 18:14:52.841 | INFO     | src.core.pipeline:_outbound_loop:509 | 出站管道(中->外) 启动
2026-06-11 18:14:52.888 | INFO     | src.core.pipeline:_inbound_loop:605 | 入站管道(外->中) 启动
2026-06-11 18:14:54.834 | INFO     | src.core.pipeline:_inbound_loop:620 | 系统音频输入电平 rms=0.00000
2026-06-11 18:14:55.838 | INFO     | src.core.pipeline:_inbound_loop:620 | 系统音频输入电平 rms=0.00000
2026-06-11 18:14:56.861 | INFO     | src.core.pipeline:_inbound_loop:620 | 系统音频输入电平 rms=0.00000
2026-06-11 18:14:57.880 | INFO     | src.core.pipeline:_inbound_loop:620 | 系统音频输入电平 rms=0.00000
2026-06-11 18:15:00.866 | INFO     | src.core.pipeline:_inbound_loop:620 | 系统音频输入电平 rms=0.05487
2026-06-11 18:15:02.877 | INFO     | src.core.pipeline:_inbound_loop:620 | 系统音频输入电平 rms=0.00449
2026-06-11 18:15:06.367 | DEBUG    | src.core.asr_engine:transcribe:504 | ASR: Was exciting showing literature that was essentially showing everything that I know in my.
2026-06-11 18:15:11.197 | DEBUG    | src.core.hunyuan_engine:translate:189 | 腾讯混元翻译结果：真是令人兴奋啊，能够展示那些本质上反映了我所了解的一切事物的文学作品。
2026-06-11 18:15:11.198 | INFO     | src.core.pipeline:_inbound_loop:620 | 系统音频输入电平 rms=0.13824
2026-06-11 18:15:12.216 | INFO     | src.core.pipeline:_inbound_loop:620 | 系统音频输入电平 rms=0.02507
2026-06-11 18:15:16.023 | DEBUG    | src.core.asr_engine:transcribe:504 | ASR: Better move, better energy, better memory, better focus, and more out of more.
2026-06-11 18:15:21.204 | DEBUG    | src.core.hunyuan_engine:translate:189 | 腾讯混元翻译结果：更好的状态，更充沛的精力，更出色的记忆力，更集中的注意力，以及更多的成果。
2026-06-11 18:15:21.204 | INFO     | src.core.pipeline:_inbound_loop:620 | 系统音频输入电平 rms=0.21917
2026-06-11 18:15:24.615 | DEBUG    | src.core.asr_engine:transcribe:504 | ASR: I realized how powerful I was. He eventually led me to complete.
2026-06-11 18:15:29.293 | DEBUG    | src.core.hunyuan_engine:translate:189 | 腾讯混元翻译结果：我意识到自己其实拥有着强大的力量。最终，他引导我走向了圆满的结局。
2026-06-11 18:15:29.293 | INFO     | src.core.pipeline:_inbound_loop:620 | 系统音频输入电平 rms=0.20477
2026-06-11 18:15:32.338 | DEBUG    | src.core.asr_engine:transcribe:504 | ASR: So now, a couple years of really focusing on.
2026-06-11 18:15:35.313 | DEBUG    | src.core.hunyuan_engine:translate:189 | 腾讯混元翻译结果：现在，我已经专注于这件事好几年了。
2026-06-11 18:15:35.313 | INFO     | src.core.pipeline:_inbound_loop:620 | 系统音频输入电平 rms=0.00467
2026-06-11 18:17:40.903 | INFO     | src.utils.logger:setup_logger:31 | 日志系统初始化完成
2026-06-11 18:17:40.906 | INFO     | src.main:main:40 | ============================================================
2026-06-11 18:17:40.906 | INFO     | src.main:main:41 | 友译 v0.1.0 启动
2026-06-11 18:17:40.906 | INFO     | src.main:main:42 | 实时游戏语音双向翻译系统
2026-06-11 18:17:40.906 | INFO     | src.main:main:43 | ============================================================
2026-06-11 18:17:41.284 | INFO     | src.main:main:67 | GUI 已启动
2026-06-11 18:18:03.253 | INFO     | src.core.pipeline:__init__:91 | 使用腾讯混元 HY-MT1.5-1.8B 本地翻译模型
2026-06-11 18:18:07.418 | INFO     | src.core.hunyuan_engine:load_model:76 | 加载 HY-MT1.5-1.8B 模型：/home/fiend/WorkSpace/python/translator_intime/models/HY-MT1.5-1.8B
2026-06-11 18:18:07.961 | INFO     | src.core.hunyuan_engine:load_model:89 | HY-MT1.5-1.8B 模型加载成功 ✓
2026-06-11 18:18:07.961 | INFO     | src.core.translator:_init_client:109 | 翻译后端: hunyuan (降级: microsoft, google)
2026-06-11 18:18:07.961 | INFO     | src.core.pipeline:initialize:222 | 初始化翻译管道...
2026-06-11 18:18:07.969 | INFO     | src.audio.virtual_device:_linux_create_speaker:60 | 虚拟音频设备 'translator_virtual' 已存在
2026-06-11 18:18:07.970 | INFO     | src.audio.virtual_device:_linux_create_mic_monitor:84 | Monitor 源自动可用: translator_virtual_sink.monitor
2026-06-11 18:18:07.970 | INFO     | src.core.pipeline:_ensure_asr_models_loaded:248 | 检测本地 ASR 模型（backend=qwen3）...
2026-06-11 18:18:09.961 | INFO     | src.core.asr_engine:_load_qwen3_model:285 | 加载 Qwen3-ASR 模型: /home/fiend/WorkSpace/python/translator_intime/models/Qwen/Qwen3-ASR-0___6B, device=cpu
2026-06-11 18:18:11.544 | INFO     | src.core.asr_engine:_load_qwen3_model:291 | Qwen3-ASR 模型加载成功 ✓
2026-06-11 18:18:11.545 | INFO     | src.core.asr_engine:share_model_from:54 | ASR 模型已复用（backend=qwen3, language=en）
2026-06-11 18:18:11.545 | INFO     | src.core.pipeline:initialize:238 | TTS输出: 系统默认扬声器
2026-06-11 18:18:11.545 | INFO     | src.core.pipeline:initialize:240 | 翻译管道初始化完成
2026-06-11 18:18:11.569 | INFO     | src.audio.stream:_open_sounddevice_input:252 | 音频输入流已打开 (device=None, sr=16000)
2026-06-11 18:18:11.570 | INFO     | src.audio.stream:_open_pulse_input:301 | PulseAudio输入流已打开 (source=translator_virtual_sink.monitor, sr=16000)
2026-06-11 18:18:11.570 | INFO     | src.core.pipeline:start:300 | 游戏声音捕获已开启
2026-06-11 18:18:11.570 | INFO     | src.core.pipeline:start:318 | ✅ 腾讯混元本地翻译双向管道已启动（出站 + 入站）
2026-06-11 18:18:11.570 | INFO     | src.core.pipeline:_outbound_loop:509 | 出站管道(中->外) 启动
2026-06-11 18:18:11.618 | INFO     | src.core.pipeline:_inbound_loop:605 | 入站管道(外->中) 启动
2026-06-11 18:18:13.581 | INFO     | src.core.pipeline:_inbound_loop:620 | 系统音频输入电平 rms=0.16592
2026-06-11 18:18:15.592 | INFO     | src.core.pipeline:_inbound_loop:620 | 系统音频输入电平 rms=0.01210
2026-06-11 18:18:17.597 | INFO     | src.core.pipeline:_inbound_loop:620 | 系统音频输入电平 rms=0.11778
2026-06-11 18:18:19.646 | INFO     | src.core.pipeline:_inbound_loop:620 | 系统音频输入电平 rms=0.08697
2026-06-11 18:18:21.979 | DEBUG    | src.core.asr_engine:transcribe:504 | ASR: So it takes longer.
2026-06-11 18:18:24.503 | DEBUG    | src.core.hunyuan_engine:translate:189 | 腾讯混元翻译结果：因此，所需的时间会更长一些。
2026-06-11 18:18:24.504 | INFO     | src.core.pipeline:_inbound_loop:620 | 系统音频输入电平 rms=0.02678
2026-06-11 18:18:25.527 | INFO     | src.core.pipeline:_inbound_loop:620 | 系统音频输入电平 rms=0.00000
2026-06-11 18:18:26.339 | DEBUG    | src.core.asr_engine:transcribe:504 | ASR: Actually, happened.
2026-06-11 18:18:28.284 | DEBUG    | src.core.hunyuan_engine:translate:189 | 腾讯混元翻译结果：实际上，确实发生了。
2026-06-11 18:18:28.290 | INFO     | src.core.pipeline:_inbound_loop:620 | 系统音频输入电平 rms=0.00000
2026-06-11 18:18:29.367 | INFO     | src.core.pipeline:_inbound_loop:620 | 系统音频输入电平 rms=0.00000
2026-06-11 18:18:30.391 | INFO     | src.core.pipeline:_inbound_loop:620 | 系统音频输入电平 rms=0.00127
2026-06-11 18:18:31.415 | INFO     | src.core.pipeline:_inbound_loop:620 | 系统音频输入电平 rms=0.00000
2026-06-11 18:18:32.434 | DEBUG    | src.core.asr_engine:transcribe:504 | ASR: You.
2026-06-11 18:18:33.714 | DEBUG    | src.core.hunyuan_engine:translate:189 | 腾讯混元翻译结果：你。
2026-06-11 18:18:33.720 | INFO     | src.core.pipeline:_inbound_loop:620 | 系统音频输入电平 rms=0.00000
2026-06-11 18:18:34.742 | INFO     | src.core.pipeline:_inbound_loop:620 | 系统音频输入电平 rms=0.00000
2026-06-11 18:18:35.766 | INFO     | src.core.pipeline:_inbound_loop:620 | 系统音频输入电平 rms=0.00000
2026-06-11 18:18:36.790 | INFO     | src.core.pipeline:_inbound_loop:620 | 系统音频输入电平 rms=0.00000
2026-06-11 18:18:37.814 | INFO     | src.core.pipeline:_inbound_loop:620 | 系统音频输入电平 rms=0.00000
2026-06-11 18:18:38.838 | INFO     | src.core.pipeline:_inbound_loop:620 | 系统音频输入电平 rms=0.00000
2026-06-11 18:18:39.862 | INFO     | src.core.pipeline:_inbound_loop:620 | 系统音频输入电平 rms=0.00000
2026-06-11 18:18:40.886 | INFO     | src.core.pipeline:_inbound_loop:620 | 系统音频输入电平 rms=0.00000
2026-06-11 18:18:41.910 | INFO     | src.core.pipeline:_inbound_loop:620 | 系统音频输入电平 rms=0.00000
2026-06-11 18:18:42.934 | INFO     | src.core.pipeline:_inbound_loop:620 | 系统音频输入电平 rms=0.00000
2026-06-11 18:18:43.958 | INFO     | src.core.pipeline:_inbound_loop:620 | 系统音频输入电平 rms=0.00000
2026-06-11 18:18:44.982 | INFO     | src.core.pipeline:_inbound_loop:620 | 系统音频输入电平 rms=0.00000
2026-06-11 18:18:46.006 | INFO     | src.core.pipeline:_inbound_loop:620 | 系统音频输入电平 rms=0.00000
2026-06-11 18:18:47.030 | INFO     | src.core.pipeline:_inbound_loop:620 | 系统音频输入电平 rms=0.00000
2026-06-11 18:18:48.054 | INFO     | src.core.pipeline:_inbound_loop:620 | 系统音频输入电平 rms=0.00000
2026-06-11 18:18:49.078 | INFO     | src.core.pipeline:_inbound_loop:620 | 系统音频输入电平 rms=0.00000
2026-06-11 18:18:50.102 | INFO     | src.core.pipeline:_inbound_loop:620 | 系统音频输入电平 rms=0.00000
2026-06-11 18:18:51.126 | INFO     | src.core.pipeline:_inbound_loop:620 | 系统音频输入电平 rms=0.00000
2026-06-11 18:18:52.150 | INFO     | src.core.pipeline:_inbound_loop:620 | 系统音频输入电平 rms=0.00000
2026-06-11 18:18:53.174 | INFO     | src.core.pipeline:_inbound_loop:620 | 系统音频输入电平 rms=0.00000
2026-06-11 18:18:54.198 | INFO     | src.core.pipeline:_inbound_loop:620 | 系统音频输入电平 rms=0.08463
2026-06-11 18:18:55.222 | INFO     | src.core.pipeline:_inbound_loop:620 | 系统音频输入电平 rms=0.00000
2026-06-11 18:18:58.595 | DEBUG    | src.core.asr_engine:transcribe:504 | ASR: Three, five, four, four, one, eight, zero, nine.
2026-06-11 18:19:02.991 | DEBUG    | src.core.hunyuan_engine:translate:189 | 腾讯混元翻译结果：三、五、四、四、一、八、零、九。
2026-06-11 18:19:02.992 | INFO     | src.core.pipeline:_inbound_loop:620 | 系统音频输入电平 rms=0.05040
2026-06-11 18:19:04.425 | DEBUG    | src.core.asr_engine:transcribe:504 | ASR: Ah.
2026-06-11 18:19:05.584 | DEBUG    | src.core.hunyuan_engine:translate:189 | 腾讯混元翻译结果：啊。
2026-06-11 18:19:05.590 | INFO     | src.core.pipeline:_inbound_loop:620 | 系统音频输入电平 rms=0.00000
2026-06-11 18:19:06.614 | INFO     | src.core.pipeline:_inbound_loop:620 | 系统音频输入电平 rms=0.00000
2026-06-11 18:19:07.638 | INFO     | src.core.pipeline:_inbound_loop:620 | 系统音频输入电平 rms=0.00000
2026-06-11 18:19:08.662 | INFO     | src.core.pipeline:_inbound_loop:620 | 系统音频输入电平 rms=0.00000
2026-06-11 18:19:09.686 | INFO     | src.core.pipeline:_inbound_loop:620 | 系统音频输入电平 rms=0.00000
2026-06-11 18:19:10.710 | INFO     | src.core.pipeline:_inbound_loop:620 | 系统音频输入电平 rms=0.00000
2026-06-11 18:19:11.734 | INFO     | src.core.pipeline:_inbound_loop:620 | 系统音频输入电平 rms=0.00000
2026-06-11 18:19:12.758 | INFO     | src.core.pipeline:_inbound_loop:620 | 系统音频输入电平 rms=0.00000
2026-06-11 18:19:13.782 | INFO     | src.core.pipeline:_inbound_loop:620 | 系统音频输入电平 rms=0.00000
2026-06-11 18:19:14.806 | INFO     | src.core.pipeline:_inbound_loop:620 | 系统音频输入电平 rms=0.00000
2026-06-11 18:19:15.830 | INFO     | src.core.pipeline:_inbound_loop:620 | 系统音频输入电平 rms=0.00000
2026-06-11 18:19:16.854 | INFO     | src.core.pipeline:_inbound_loop:620 | 系统音频输入电平 rms=0.00000
2026-06-11 18:19:17.878 | INFO     | src.core.pipeline:_inbound_loop:620 | 系统音频输入电平 rms=0.00000
2026-06-11 18:19:18.902 | INFO     | src.core.pipeline:_inbound_loop:620 | 系统音频输入电平 rms=0.00000
2026-06-11 18:19:19.926 | INFO     | src.core.pipeline:_inbound_loop:620 | 系统音频输入电平 rms=0.00000
2026-06-11 18:19:20.950 | INFO     | src.core.pipeline:_inbound_loop:620 | 系统音频输入电平 rms=0.00000
2026-06-11 18:19:21.974 | INFO     | src.core.pipeline:_inbound_loop:620 | 系统音频输入电平 rms=0.11158
2026-06-11 18:19:22.998 | INFO     | src.core.pipeline:_inbound_loop:620 | 系统音频输入电平 rms=0.00139
2026-06-11 18:19:24.537 | DEBUG    | src.core.asr_engine:transcribe:504 | ASR: Okay, and it's even better because.
2026-06-11 18:19:27.307 | DEBUG    | src.core.hunyuan_engine:translate:189 | 腾讯混元翻译结果：好吧，而且情况甚至更好了。
2026-06-11 18:19:27.313 | INFO     | src.core.pipeline:_inbound_loop:620 | 系统音频输入电平 rms=0.00128
2026-06-11 18:19:31.024 | DEBUG    | src.core.asr_engine:transcribe:504 | ASR: So um, this is the point of the talk for every background. But I really only want.
2026-06-11 18:19:36.014 | DEBUG    | src.core.hunyuan_engine:translate:189 | 腾讯混元翻译结果：所以，这就是针对所有背景的人的演讲内容。不过，我其实只想要……
2026-06-11 18:19:36.015 | INFO     | src.core.pipeline:_inbound_loop:620 | 系统音频输入电平 rms=0.10430
2026-06-11 18:19:39.257 | DEBUG    | src.core.asr_engine:transcribe:504 | ASR: I know one thing: Don't tell me minimum amount of time I need to get off.
2026-06-11 18:19:43.390 | DEBUG    | src.core.hunyuan_engine:translate:189 | 腾讯混元翻译结果：我知道一件事：不要告诉我，我需要多长时间才能离开这里。
2026-06-11 18:19:43.390 | INFO     | src.core.pipeline:_inbound_loop:620 | 系统音频输入电平 rms=0.01226
2026-06-11 18:19:48.181 | DEBUG    | src.core.asr_engine:transcribe:504 | ASR: Danger. And so, um, so I'm going to tell you the answer to that one. First, good news: don't have.
2026-06-11 18:19:54.408 | DEBUG    | src.core.hunyuan_engine:translate:189 | 腾讯混元翻译结果：危险。那么，我这就来回答这个问题吧。首先，好消息是：你不需要担心这个。
2026-06-11 18:19:54.408 | INFO     | src.core.pipeline:_inbound_loop:620 | 系统音频输入电平 rms=0.06034
2026-06-11 18:19:57.560 | DEBUG    | src.core.asr_engine:transcribe:504 | ASR: Come by. Actually, get back. The rule of thumb is one get three more times.
2026-06-11 18:20:02.731 | DEBUG    | src.core.hunyuan_engine:translate:189 | 腾讯混元翻译结果：过来吧。其实，再回来一次就好。经验法则是：再尝试三次就可以了。
2026-06-11 18:20:02.731 | INFO     | src.core.pipeline:_inbound_loop:620 | 系统音频输入电平 rms=0.02447
2026-06-11 18:20:06.046 | DEBUG    | src.core.asr_engine:transcribe:504 | ASR: By minimum thirty minutes at five, and you want to get a little bit at five.
2026-06-11 18:20:11.387 | DEBUG    | src.core.hunyuan_engine:translate:189 | 腾讯混元翻译结果：在五点之前至少待上三十分钟吧，你希望能在五点左右开始做一些事情。
2026-06-11 18:20:11.387 | INFO     | src.core.pipeline:_inbound_loop:620 | 系统音频输入电平 rms=0.00649
2026-06-11 18:20:15.554 | DEBUG    | src.core.asr_engine:transcribe:504 | ASR: Get your heart rate up. If you don't have to go to the gym, get a very expensive gym membership.
2026-06-11 18:20:21.052 | DEBUG    | src.core.hunyuan_engine:translate:189 | 腾讯混元翻译结果：提高你的心率吧。如果你不必去健身房的话，那就选择一家价格昂贵的健身房会员服务吧。
2026-06-11 18:20:21.053 | INFO     | src.core.pipeline:_inbound_loop:620 | 系统音频输入电平 rms=0.23251
2026-06-11 18:20:22.860 | DEBUG    | src.core.asr_engine:transcribe:504 | ASR: The walk around the block.
2026-06-11 18:20:24.803 | DEBUG    | src.core.hunyuan_engine:translate:189 | 腾讯混元翻译结果：绕完整个街区。
2026-06-11 18:20:24.809 | INFO     | src.core.pipeline:_inbound_loop:620 | 系统音频输入电平 rms=0.00000
2026-06-11 18:20:25.889 | INFO     | src.core.pipeline:_inbound_loop:620 | 系统音频输入电平 rms=0.00000
2026-06-11 18:20:26.913 | INFO     | src.core.pipeline:_inbound_loop:620 | 系统音频输入电平 rms=0.00000
2026-06-11 18:20:27.937 | INFO     | src.core.pipeline:_inbound_loop:620 | 系统音频输入电平 rms=0.00000
2026-06-11 18:20:28.961 | INFO     | src.core.pipeline:_inbound_loop:620 | 系统音频输入电平 rms=0.00000
2026-06-11 18:20:29.985 | INFO     | src.core.pipeline:_inbound_loop:620 | 系统音频输入电平 rms=0.00000
2026-06-11 18:20:31.009 | INFO     | src.core.pipeline:_inbound_loop:620 | 系统音频输入电平 rms=0.00000
2026-06-11 18:20:32.033 | INFO     | src.core.pipeline:_inbound_loop:620 | 系统音频输入电平 rms=0.00000
2026-06-11 18:20:33.057 | INFO     | src.core.pipeline:_inbound_loop:620 | 系统音频输入电平 rms=0.00000
2026-06-11 18:20:34.081 | INFO     | src.core.pipeline:_inbound_loop:620 | 系统音频输入电平 rms=0.00000
2026-06-11 18:20:35.105 | INFO     | src.core.pipeline:_inbound_loop:620 | 系统音频输入电平 rms=0.00000
2026-06-11 18:20:36.393 | INFO     | src.core.pipeline:_inbound_loop:620 | 系统音频输入电平 rms=0.00000
2026-06-11 18:20:37.409 | INFO     | src.core.pipeline:_inbound_loop:620 | 系统音频输入电平 rms=0.00000
2026-06-11 18:20:38.433 | INFO     | src.core.pipeline:_inbound_loop:620 | 系统音频输入电平 rms=0.00000
2026-06-11 18:20:39.457 | INFO     | src.core.pipeline:_inbound_loop:620 | 系统音频输入电平 rms=0.00000
2026-06-11 18:20:40.481 | INFO     | src.core.pipeline:_inbound_loop:620 | 系统音频输入电平 rms=0.00000
2026-06-11 18:20:41.505 | INFO     | src.core.pipeline:_inbound_loop:620 | 系统音频输入电平 rms=0.00000
2026-06-11 18:20:42.529 | INFO     | src.core.pipeline:_inbound_loop:620 | 系统音频输入电平 rms=0.00000
2026-06-11 18:20:43.553 | INFO     | src.core.pipeline:_inbound_loop:620 | 系统音频输入电平 rms=0.00000
2026-06-11 18:20:44.577 | INFO     | src.core.pipeline:_inbound_loop:620 | 系统音频输入电平 rms=0.01098
2026-06-11 18:20:46.016 | DEBUG    | src.core.asr_engine:transcribe:504 | ASR: The.
2026-06-11 18:20:47.342 | DEBUG    | src.core.hunyuan_engine:translate:189 | 腾讯混元翻译结果：那个。
2026-06-11 18:20:47.348 | INFO     | src.core.pipeline:_inbound_loop:620 | 系统音频输入电平 rms=0.00000
2026-06-11 18:20:48.374 | INFO     | src.core.pipeline:_inbound_loop:620 | 系统音频输入电平 rms=0.00000
2026-06-11 18:20:49.398 | INFO     | src.core.pipeline:_inbound_loop:620 | 系统音频输入电平 rms=0.00000
